DATE,"Job Title",Company,Website,Industry,Salary,Remote,AREA,City,State,"Zip Code"
25-02-2022,"Housekeeping Aid","US Veterans Health Administration",va.gov,"Government Administration","$16.02 - $20.32 an hour",,"Veterans Affairs area",Milwaukee,WI,"53295"
25-02-2022,"DRIVER (FULL-TIME)","Social Development Commission",cr-sdc.org,"Individual & Family Services","$29.8K ? $37.8K a year",,"North Division area",Milwaukee,WI,""
23-02-2022,"Database Coordinator","Next Door Milwaukee",,,"$31.8K ? $40.2K a year",,,Milwaukee,WI,""
23-02-2022,"Library Now Program Specialist","City of Milwaukee",wfbvillage.org,"Government Administration","$46,382 - $56,941 a year",,,Milwaukee,WI,""
22-02-2022,"COMMUNITY ORGANIZER","Social Development Commission",cr-sdc.org,"Individual & Family Services",,,"North Division area",Milwaukee,WI,""
24-02-2022,"Call Center Operator Lead","Children's Wisconsin",,,,,,Milwaukee,WI,""
24-02-2022,"Remote Recruiter",Cielo,cielo.com.br,"Financial Services",,Remote,,"Remote in Milwaukee",WI,""
25-02-2022,"Assistant Director of Operations - Fiserv Forum","Compass Group Careers",,,,,"Kilbourn Town area",Milwaukee,WI,"53203"
23-02-2022,"Clinic Coordinator Lead - Mayfair Peds (Full Time)","Children's Wisconsin",,,"$32.1K ? $40.7K a year",,,Milwaukee,WI,""
24-02-2022,"COMMUNITY OUTREACH SPECIALIST","Social Development Commission",cr-sdc.org,"Individual & Family Services",,,"North Division area",Milwaukee,WI,""
23-02-2022,"Workers Comp Specialist","Advocate Aurora Health",advocateaurorahealth.org,"Hospital & Health Care",,,,Milwaukee,WI,"53220"
25-02-2022,"Assistant Director of Food & Beverage Operations - Harley Da...","Compass Group Careers",,,,,"Kilbourn Town area",Milwaukee,WI,"53203"
22-02-2022,"Customer Service Representative- 1234-Milwaukee","CNG Holdings, Inc",,,"$24K ? $30.4K a year",,,Milwaukee,WI,""
25-02-2022,"Marketing Manager - Harley-Davidson Museum","Compass Group Careers",,,,,"Kilbourn Town area",Milwaukee,WI,"53203"
25-02-2022,"Business Operations Coordinator","Medical College of Wisconsin",mcw.edu,"Higher Education",,,,Milwaukee,WI,"53226"
22-02-2022,"Plant Quality Assurance Manager",Sonoco,sonoco.com,"Packaging & Containers",,,,Milwaukee,WI,""
25-02-2022,"BANQUET SUPERVISOR - Wisconsin Center District","Compass Group Careers",,,,,"Kilbourn Town area",Milwaukee,WI,"53203"
23-02-2022,"Enrollment Operations and Communications Coordinator","Cardinal Stritch University Inc",stritch.edu,"Higher Education","$44.2K ? $56K a year",,,Milwaukee,WI,"53217"
23-02-2022,"Associate Manager of Operations",Ascension,ascension.org,"Hospital & Health Care",,,"Morgandale area",Milwaukee,WI,"53215"
23-02-2022,"Workforce Analyst","Advocate Aurora Health",advocateaurorahealth.org,"Hospital & Health Care",,,"Forest Home Hills area",Milwaukee,WI,"53215"
22-02-2022,"Delivery Leader - Diversity and Inclusion Recruitment","Cielo Talent",cielotalent.com,"Human Resources",,Remote,,"Remote in Milwaukee",WI,""
24-02-2022,"Hospice Care Consultant",Compassus,compassus.com,"Hospital & Health Care",,,,Milwaukee,WI,""
22-02-2022,"Supervisor Prevention Program","Children's Wisconsin",,,,,,Milwaukee,WI,""
25-02-2022,"GROUNDS MANAGER - BENCH - Milwaukee, WI","Compass Group Careers",,,,,"Kilbourn Town area",Milwaukee,WI,"53201"
24-02-2022,"Global Relationship Manager","UMB Financial Corporation",umb.com,"Financial Services","$72,870 - $135,450 a year",,,Milwaukee,WI,""
25-02-2022,"Application Analyst","Advocate Aurora Health",advocateaurorahealth.org,"Hospital & Health Care",,,"Forest Home Hills area",Milwaukee,WI,"53215"
25-02-2022,"Retail Supervisor - West Milwaukee","Goodwill Industries of Southeastern Wisconsin &...",goodwillsew.com,Retail,,,,Milwaukee,WI,"53214"
25-02-2022,"In-House Program Coordinator","PEARLS FOR TEEN GIRLS, INC",pearlsforteengirls.com,"Nonprofit Organization Management","$29.2K ? $37K a year",,,Milwaukee,WI,""
23-02-2022,"Customer Communications Designer","Sendik's Food Markets",sendikscareers.com,Retail,"$48.6K ? $61.6K a year",,"Granville Woods area",Milwaukee,WI,"53223"
24-02-2022,"Content Experience Consultant",Accenture,cazoodle.com,"Computer Software",,,"Juneau Town area",Milwaukee,WI,"53202"
25-02-2022,"TAX PREPARER-BILINGUAL","Social Development Commission",cr-sdc.org,"Individual & Family Services",,,"North Division area",Milwaukee,WI,""
25-02-2022,"Registration Services Representative","Medical College of Wisconsin",mcw.edu,"Higher Education",,,,Milwaukee,WI,"53226"
25-02-2022,"Litigation Paralegal","Group II",groupii.biz,"Human Resources","$65,000 - $80,000 a year",,,Milwaukee,WI,""
22-02-2022,"Education Program Manager","War Memorial Center",warmemorialcenter.org,"Museums & Institutions","$49.4K ? $62.6K a year",,,Milwaukee,WI,""
22-02-2022,"RN - Care Coordinator - Work from home after 6 months","Horizon Home Care & Hospice",horizonhomecareandhospice.org,"Hospital & Health Care",,,"Park Place area",Milwaukee,WI,"53224"
24-02-2022,"Paralegal/Regulatory Administrator","U.S. Bank",whitefortcapital.com,,,,,Milwaukee,WI,""
23-02-2022,"Data Entry Clerk ? Supervisor","National General Insurance",nationalgeneral.com,Insurance,,,"Schlitz Park area",Milwaukee,WI,"53212"
25-02-2022,"Director of Banquets - Wisconsin Center District","Compass Group Careers",,,,,"Kilbourn Town area",Milwaukee,WI,"53203"
22-02-2022,"Remote Sourcer/Talent Scout- Life Sciences",Cielo,cielo.com.br,"Financial Services",,Remote,,"Remote in Milwaukee",WI,""
22-02-2022,"Delivery Leader - Diversity and Inclusion Recruitment",Cielo,cielo.com.br,"Financial Services",,Remote,,"Remote in Milwaukee",WI,""
25-02-2022,Accountant,"The Difference Principle",,,"From $55,000 a year",,"Kilbourn Town area",Milwaukee,WI,"53203"
25-02-2022,"Sterile Processing Tech Lead (Union)",Ascension,ascension.org,"Hospital & Health Care",,,"Morgandale area",Milwaukee,WI,"53215"
25-02-2022,"Manager, Diversity, Equity, and Inclusion (Inclusion & Belon...",Deloitte,deloitte.com,"Management Consulting",,,"Juneau Town area",Milwaukee,WI,"53202"
25-02-2022,"Wealth Analyst","BMO Harris Bank",bmoharris.com,Banking,,,"Juneau Town area",Milwaukee,WI,"53202"
23-02-2022,"Content Journalist & Market Specialist - Remote",Zywave,zywave.com,"Computer Software",,Remote,,"Remote in Milwaukee",WI,""
25-02-2022,"Marketing Specialist","Dorner Mfg Corp",dorner.com,"Industrial Machinery & Equipment, Manufacturing","From $60,000 a year",,,Milwaukee,WI,""
22-02-2022,"Installation Trainer","Leaf Home Water Solutions",leafhomewatersolutions.com,"Consumer Services","$29.4K ? $37.2K a year",,,Milwaukee,WI,""
23-02-2022,"Academic Advisor","Cardinal Stritch University Inc",stritch.edu,"Higher Education","$39.6K ? $50.2K a year",,,Milwaukee,WI,"53217"
25-02-2022,"DISTRICT MANAGER - K12 - Southern Wisconsin Territory","Compass Group Careers",,,,,"Thurston Woods area",Milwaukee,WI,"53209"
25-02-2022,"FACILITIES DIRECTOR- BENCH - Milwaukee, WI","Compass Group Careers",,,,,"Kilbourn Town area",Milwaukee,WI,"53201"
22-02-2022,"Public Health Program Manager, National Hypertension Control...","American Heart Association",heart.org,"Health, Wellness & Fitness","$64.5K ? $81.7K a year",,"Martin Drive area",Milwaukee,WI,"53208"
23-02-2022,"Project Manager Information Systems","Children's Wisconsin",,,"$71.7K ? $90.7K a year",,,Milwaukee,WI,""
24-02-2022,"Application Analyst Specialist - Epic Environment Manager","Children's Wisconsin",,,,,,Milwaukee,WI,""
22-02-2022,"Software Support Specialist- Brokermint",BoomTown,goboomtown.com,"Computer Software","$39.4K ? $50K a year",,,Milwaukee,WI,""
25-02-2022,"Operations Supervisor","Biomat USA, Inc.",grifolsplasma.com,Pharmaceuticals,"$51.7K ? $65.5K a year",,"Martin Drive area",Milwaukee,WI,"53208"
24-02-2022,"LiveWire Brand Marketing Lead - REMOTE",Harley-Davidson,harleyofmasoncity.com,Automotive,,Remote,,"Remote in Milwaukee",WI,""
24-02-2022,"Event Marketing Specialist","Foley & Lardner LLP",foley.com,"Legal Services","$45.6K ? $57.8K a year",,"Juneau Town area",Milwaukee,WI,"53202"
25-02-2022,"Anchor/Reporter - WISN TV","Hearst Media Services",hearstmediact.com,"Marketing & Advertising",,,"Marquette area",Milwaukee,WI,"53233"
24-02-2022,"NX - CAD Functional/Process Consultant- 4202182",Accenture,cazoodle.com,"Computer Software","$61.37 - $101.29 an hour",,"Juneau Town area",Milwaukee,WI,"53202"
22-02-2022,"Behavioral Health Consultant - Westbrook Pediatrics","Children's Wisconsin",,,"$62K ? $78.4K a year",,,Milwaukee,WI,""
25-02-2022,"Remote Recruiter","Cielo Talent",cielotalent.com,"Human Resources",,Remote,,"Remote in Milwaukee",WI,""
24-02-2022,"LiveWire Brand Events Lead - REMOTE",Harley-Davidson,harleyofmasoncity.com,Automotive,,Remote,,"Remote in Milwaukee",WI,""
22-02-2022,"Remote Recruiter","Cielo Talent",cielotalent.com,"Human Resources",,Remote,,"Remote in Milwaukee",WI,""
24-02-2022,"Production Support Analyst",Deloitte,deloitte.com,"Management Consulting",,,"Juneau Town area",Milwaukee,WI,"53202"
22-02-2022,"Remote Recruiter",Cielo,cielo.com.br,"Financial Services",,Remote,,"Remote in Milwaukee",WI,""
25-02-2022,"Field Service technician-1","Advanced Technology Services",,,"$44.2K ? $56K a year",,,Milwaukee,WI,""
24-02-2022,"Director of Development - Cancer","Medical College of Wisconsin",mcw.edu,"Higher Education",,,,Milwaukee,WI,"53226"
25-02-2022,"Life and Annuity Agent - Milwaukee South","Auto Club Group",aaawisconsin.com,,,,,Milwaukee,WI,"53202"
25-02-2022,"Housing Program Supervisor","Social Development Commission",cr-sdc.org,"Individual & Family Services",,,"North Division area",Milwaukee,WI,""
25-02-2022,"Recruitment Marketing Specialist","Marcus Theatres Corporation - Marcus Theatres...",,,"$47.1K ? $59.7K a year",,"Juneau Town area",Milwaukee,WI,"53202"
22-02-2022,"Supply Planner","Saputo Inc.",saputo.com,"Food Production","$46.9K ? $59.3K a year",,,Milwaukee,WI,""
25-02-2022,"Cyber Consultant - REMOTE",Deloitte,deloitte.com,"Management Consulting",,Remote,,"Remote in Milwaukee",WI,""
25-02-2022,"Grant Accountant","Next Door Milwaukee",,,"$46.7K ? $59.1K a year",,,Milwaukee,WI,""
25-02-2022,"Therapeutic Specialist, HIV ? Milwaukee","Gilead Sciences",gilead.com,Biotechnology,,,,Milwaukee,WI,""
25-02-2022,"Python Developer",Deloitte,deloitte.com,"Management Consulting",,,"Juneau Town area",Milwaukee,WI,"53202"
24-02-2022,"Manager, Sales Development (Remote)","Ada Inc.",ada.cx,,,Remote,,"Remote in Milwaukee",WI,""
25-02-2022,"2nd Shift CNC Machine Operator","Dorner Mfg Corp",dorner.com,"Industrial Machinery & Equipment, Manufacturing","$20 - $25 an hour",,,Milwaukee,WI,""
25-02-2022,"2nd Grade Teacher (21 & 22/23 School Year)","HOPE Christian Schools Semper, LLC",hopeschools.org,"Education Management","$41.7K ? $52.7K a year",,"Garden Homes area",Milwaukee,WI,"53216"
23-02-2022,"Workday HCM Core Certified ? PECI expert - 4174665",Accenture,cazoodle.com,"Computer Software","$46.93 - $77.50 an hour",Remote,,"Remote in Milwaukee",WI,""
24-02-2022,"Mentor EDM Developer/System Admin- 4202185",Accenture,cazoodle.com,"Computer Software","$36.43 - $60.33 an hour",,"Juneau Town area",Milwaukee,WI,"53202"
24-02-2022,"Accounts Receivable & Collections Specialist",EVERSANA-US,eversana.com,Pharmaceuticals,"$36.2K ? $45.8K a year",,,Milwaukee,WI,"53202"
23-02-2022,"Remote Healthcare Recruiter","Cielo Talent",cielotalent.com,"Human Resources",,Remote,,"Remote in Milwaukee",WI,""
25-02-2022,"News Producer - WISN TV","Hearst Media Services",hearstmediact.com,"Marketing & Advertising",,,"Marquette area",Milwaukee,WI,"53233"
25-02-2022,"2nd Grade Teacher (22/23 School Year)","HOPE Christian Schools Caritas, LLC",,,"$41.7K ? $52.7K a year",,"Northridge area",Milwaukee,WI,"53224"
25-02-2022,"Director of Marketing (Remote)","YMCA of Metropolitan Milwaukee",ymcamke.org,"Nonprofit Organization Management","$51.4K ? $65K a year",Remote,,"Remote in Milwaukee",WI,""
24-02-2022,"Digital Strategist","Bader Rutter",baderrutter.com,"Marketing & Advertising","$58.4K ? $74K a year",,,Milwaukee,WI,"53202"
23-02-2022,"Database Analyst II","Medical College of Wisconsin",mcw.edu,"Higher Education",,,,Milwaukee,WI,"53226"
25-02-2022,"HR Transformation Consulting Manager, Midwest",Accenture,cazoodle.com,"Computer Software",,,"Juneau Town area",Milwaukee,WI,"53202"
25-02-2022,"Talent Acquisition Manager","Marcus Theatres Corporation - Marcus Theatres...",,,"$76.7K ? $97.1K a year",,"Juneau Town area",Milwaukee,WI,"53202"
25-02-2022,"UI Path Delivery Lead",Accenture,cazoodle.com,"Computer Software",,,"Juneau Town area",Milwaukee,WI,"53202"
25-02-2022,"DIRECTOR OF DINING SERVICES","Compass Group Careers",,,,,,Milwaukee,WI,"53211"
24-02-2022,"Investment Management Operations Lead - 4192146",Accenture,cazoodle.com,"Computer Software","$24.87 - $54.18 an hour",,"Juneau Town area",Milwaukee,WI,"53202"
23-02-2022,"Account Manager-Milwaukee",UNFI,unfi.com,"Food & Beverages",,,,Milwaukee,WI,""
25-02-2022,"Web Producer","Marquette University",marquette.edu,"Higher Education",,,"Marquette area",Milwaukee,WI,"53233"
25-02-2022,"Product Manager",Circa,circaingeneva.com,Retail,,,,Milwaukee,WI,"53202"
22-02-2022,"Remote High Volume Recruiter- Life Sciences","Cielo Talent",cielotalent.com,"Human Resources",,Remote,,"Remote in Milwaukee",WI,""
22-02-2022,"Director of Philanthropy","Saint John's On The Lake",saintjohnsmilw.org,"Health, Wellness & Fitness","$74K ? $93.6K a year",,"Northpoint area",Milwaukee,WI,"53202"
25-02-2022,"Physical Education Teacher (22/23 School Year)","HOPE Christian Schools Caritas, LLC",,,"$46.7K ? $59.1K a year",,"Northridge area",Milwaukee,WI,"53224"
25-02-2022,"1st Grade Teacher (22/23 School Year)","HOPE Christian Schools Caritas, LLC",,,"$41.7K ? $52.7K a year",,"Northridge area",Milwaukee,WI,"53224"
24-02-2022,"Solution Consultant - UKG Dimensions Healthcare Scheduling",Accenture,cazoodle.com,"Computer Software",,,"Juneau Town area",Milwaukee,WI,"53202"
23-02-2022,"Atlassian/JIRA Align Implementation Lead",Accenture,cazoodle.com,"Computer Software",,,"Juneau Town area",Milwaukee,WI,"53202"
25-02-2022,"Mgr, Sales","Molina Healthcare",molinahealthcare.com,"Hospital & Health Care",,,"Park Place area",Milwaukee,WI,"53224"
22-02-2022,"Internal Communications Specialist",Cleaver-Brooks,cleaverbrooks.com,"Mechanical Or Industrial Engineering","$48.9K ? $61.9K a year",,"Park Place area",Milwaukee,WI,"53224"
22-02-2022,"Corporate Recruiter - Technical",Clarios,clarios.com,Automotive,,,,Milwaukee,WI,""
22-02-2022,"Commercial Bank - Risk - MMBSI Underwriter, Associate","JPMorgan Chase Bank, N.A.",chase.com,"Financial Services",,,,Milwaukee,WI,""
24-02-2022,"Front-End Development Lead",Deloitte,deloitte.com,"Management Consulting",,,"Juneau Town area",Milwaukee,WI,"53202"
22-02-2022,"Digital Manufacturing SaaS Business Development Specialist (...",Siemens,siemens.com,"Industrial Automation",,,,Milwaukee,WI,""
25-02-2022,"BI Developer","Advocate Aurora Health",advocateaurorahealth.org,"Hospital & Health Care",,,"Calumet Farms area",Milwaukee,WI,"53224"
22-02-2022,"IT Network Security Analyst","Elkay Manufacturing",elkay.com,"Consumer Goods","$66.8K ? $84.6K a year",,"Historic Third Ward area",Milwaukee,WI,"53202"
24-02-2022,"Interior Designer II, Elkay Interior Systems","Elkay Manufacturing",elkay.com,"Consumer Goods",,,"Historic Third Ward area",Milwaukee,WI,"53202"
25-02-2022,"Nurse Practitioner Pediatric","Children's Wisconsin",,,,,,Milwaukee,WI,""
25-02-2022,"Consortia Manager, Trade Strategy and Performance","Apple Leisure Group",appleleisuregroup.com,Hospitality,"$71.7K ? $90.9K a year",,,Milwaukee,WI,"53217"
25-02-2022,"Outside Sales Representative",Graybar,graybar.com,Wholesale,,,,Milwaukee,WI,""
22-02-2022,"Remote High Volume Recruiter- Life Sciences",Cielo,cielo.com.br,"Financial Services",,Remote,,"Remote in Milwaukee",WI,""
23-02-2022,"Hospital Based Coder Interventional - REMOTE","Advocate Aurora Health",advocateaurorahealth.org,"Hospital & Health Care",,Remote,,"Remote in Milwaukee",WI,""
24-02-2022,"Client Services Manager",Cielo,cielo.com.br,"Financial Services",,Remote,,"Remote in Milwaukee",WI,""
22-02-2022,"Maintenance Maintenance III","Badger Meter",badgermeter.com,Utilities,"$43.8K ? $55.4K a year",,"Bradley Estates area",Milwaukee,WI,"53223"
22-02-2022,"InstaMed, (Midwest) Provider Acute Regional Vice President","JPMorgan Chase Bank, N.A.",chase.com,"Financial Services",,,,Milwaukee,WI,""
25-02-2022,"Technology Specialist - REMOTE",Deloitte,deloitte.com,"Management Consulting",,Remote,,"Remote in Milwaukee",WI,""
22-02-2022,"Behavioral Health Consultant - Good Hope Clinic","Children's Wisconsin",,,"$61.9K ? $78.3K a year",,,Milwaukee,WI,""
25-02-2022,"Retail Parts Pro","Advance Auto Parts",advanceautoparts.com,Retail,,,"Fairview area",Milwaukee,WI,"53219"
24-02-2022,"Remote Healthcare Recruiter",Cielo,cielo.com.br,"Financial Services",,Remote,,"Remote in Milwaukee",WI,""
25-02-2022,"Digital Media Manager - WISN TV","Hearst Media Services",hearstmediact.com,"Marketing & Advertising","$59.6K ? $75.4K a year",,"Marquette area",Milwaukee,WI,"53233"
23-02-2022,"Client Services Manager","Cielo Talent",cielotalent.com,"Human Resources",,Remote,,"Remote in Milwaukee",WI,""
25-02-2022,"Mulesoft Integration Lead Developer- 4176302",Accenture,cazoodle.com,"Computer Software","$28.91 - $66.44 an hour",,"Juneau Town area",Milwaukee,WI,"53202"
25-02-2022,"5th Grade Teacher (22/23 School Year)","HOPE Christian Schools Caritas, LLC",,,"$41.7K ? $52.7K a year",,"Northridge area",Milwaukee,WI,"53224"
22-02-2022,"Internal Communications Specialist",Cleaver-Brooks,cleaverbrooks.com,"Mechanical Or Industrial Engineering","$48.9K ? $61.9K a year",,"Park Place area",Milwaukee,WI,"53224"
24-02-2022,"Sales Representative- New & Used Lift Equipment","ALL Family of Companies",allcrane.com,Construction,,,,Milwaukee,WI,"53214"
22-02-2022,"Fleet Maintenance Manager","First Student",workatfirst.com,Transportation/Trucking/Railroad,,,"Forest Home Hills area",Milwaukee,WI,"53215"
25-02-2022,"Sterile Processing Tech Lead (Union)",Ascension,ascension.org,"Hospital & Health Care",,,"Morgandale area",Milwaukee,WI,"53215"
25-02-2022,"Risk Management Framework Specialist - REMOTE",Deloitte,deloitte.com,"Management Consulting",,Remote,,"Remote in Milwaukee",WI,""
24-02-2022,Principal,"Nativity Jesuit Academy",,,,,,Milwaukee,WI,""
24-02-2022,"Sales Representative- New & Used Lift Equipment","Dawes Rigging & Crane Rental, Inc.",,,,,,Milwaukee,WI,"53214"
24-02-2022,"Investment Management Operations Analyst - 4192135",Accenture,cazoodle.com,"Computer Software","$19.95 - $45.28 an hour",,"Juneau Town area",Milwaukee,WI,"53202"
22-02-2022,"SAP Ariba Manager",Accenture,cazoodle.com,"Computer Software",,,"Juneau Town area",Milwaukee,WI,"53202"
22-02-2022,"Behavioral Health Consultant - Franklin Clinic","Children's Wisconsin",,,"$61.9K ? $78.3K a year",,,Milwaukee,WI,""
25-02-2022,"Angular Developer",Deloitte,deloitte.com,"Management Consulting",,,"Juneau Town area",Milwaukee,WI,"53202"
25-02-2022,"Commercial Banking Portfolio Manager- Multiple Locations","WELLS FARGO BANK",wellsfargo.com,"Financial Services",,,,Milwaukee,WI,""
22-02-2022,"Behavioral Health Consultant - Mayfair Pediatrics","Children's Wisconsin",,,"$59.3K ? $75.1K a year",,,Milwaukee,WI,""
22-02-2022,"DevOps Manager - Telecommute","UnitedHealth Group",unitedhealthgroup.com,"Hospital & Health Care",,Remote,,"Remote in Milwaukee",WI,""
23-02-2022,"Manager Utilization Case Management HMHB","Children's Wisconsin",,,,,,Milwaukee,WI,""
22-02-2022,"Cloud Infrastructure Advisory Consultant - Midwest",Accenture,cazoodle.com,"Computer Software",,,"Juneau Town area",Milwaukee,WI,"53202"
25-02-2022,"Landscape Architect",Stantec,tdg.co.nz,"Civil Engineering",,,,Milwaukee,WI,""
25-02-2022,"Chain Sales Administrator","Johnson Brothers Liquor Co",johnsonbrothers.com,"Wine & Spirits",,,"Williamsburg area",Milwaukee,WI,"53212"
24-02-2022,"Director, Talent Brand & Employee Experience","Rockwell Automation",rockwellautomation.com,"Industrial Automation","$94.1K ? $119K a year",,"Walker's Point area",Milwaukee,WI,"53204"
22-02-2022,"MGR, QUALITY ASSURANCE","Rockwell Automation",rockwellautomation.com,"Industrial Automation","$96.7K ? $122K a year",,"Walker's Point area",Milwaukee,WI,"53204"
22-02-2022,"Corporate Marketing Manager","Marcus Hotels Administration",,,"$52.5K ? $66.5K a year",,"Juneau Town area",Milwaukee,WI,""
25-02-2022,"Lead Grant Accountant/Analyst","Next Door Milwaukee",,,"$52.6K ? $66.6K a year",,,Milwaukee,WI,""
25-02-2022,"Biologics Sales Specialist - Milwaukee, WI",Sanofi,focusfinancial.com,"Financial Services",,,,Milwaukee,WI,""
25-02-2022,"Threat Researcher - Offensive R&D - Opportunity for Working...",VMware,thebrunswicknews.com,Newspapers,,Remote,,"Remote in Milwaukee",WI,""
25-02-2022,"Programmer Analyst III","Medical College of Wisconsin",mcw.edu,"Higher Education",,,,Milwaukee,WI,"53226"
25-02-2022,"Middle School Science Teacher (22/23 School Year)","HOPE Christian Schools Caritas, LLC",,,"$44.6K ? $56.4K a year",,"Northridge area",Milwaukee,WI,"53224"
25-02-2022,"SDET - Test Automation Lead",Deloitte,deloitte.com,"Management Consulting",,,"Juneau Town area",Milwaukee,WI,"53202"
23-02-2022,"Remote Talent Acquisition Manager","Cielo Talent",cielotalent.com,"Human Resources",,Remote,,"Remote in Milwaukee",WI,""
24-02-2022,"NX - CAD Developer/System Admin- 4202183",Accenture,cazoodle.com,"Computer Software","$30.62 - $58.22 an hour",,"Juneau Town area",Milwaukee,WI,"53202"
25-02-2022,"Talent Director (MR - Milwaukee, WI)","Robert Half",roberthalf.com,"Staffing & Recruiting",,,,Milwaukee,WI,""
22-02-2022,"Middle School Science Teacher","HOPE Christian Schools Prima, LLC",,,"$45.9K ? $58.1K a year",,"Borchert Field area",Milwaukee,WI,"53206"
25-02-2022,"HOPE Middle School Math Teacher (22/23 School Year)","HOPE Christian Schools Fidelis, LLC",,,"$45.3K ? $57.3K a year",,"Fairfield area",Milwaukee,WI,"53209"
25-02-2022,"2nd Grade Teacher (22-23 School Year)","HOPE Christian Schools Fidelis, LLC",,,"$41.7K ? $52.7K a year",,"Fairfield area",Milwaukee,WI,"53209"
22-02-2022,"Enterprise Application Modernization Architect",Accenture,cazoodle.com,"Computer Software",,,"Juneau Town area",Milwaukee,WI,"53202"
24-02-2022,"Registered Nurse Lead Operating Room at Sinai","Advocate Aurora Health",advocateaurorahealth.org,"Hospital & Health Care",,,"Marquette area",Milwaukee,WI,"53233"
23-02-2022,"Construction Project Manager - Kenosha, WI",Arcadis,arcadis.com,"Civil Engineering",,,"Historic Third Ward area",Milwaukee,WI,"53202"
25-02-2022,"Elementary Teacher (22-23 School Year)","HOPE Christian Schools Semper, LLC",hopeschools.org,"Education Management","$43K ? $54.4K a year",,"Garden Homes area",Milwaukee,WI,"53216"
25-02-2022,"Marine Construction Project Manager - Michels Construction,...",Michels,michels.us,Construction,"$79.3K ? $100K a year",,,Milwaukee,WI,""
24-02-2022,"Remote Talent Acquisition Manager",Cielo,cielo.com.br,"Financial Services",,Remote,,"Remote in Milwaukee",WI,""
25-02-2022,"Cyber Security Architect, Manager",Deloitte,deloitte.com,"Management Consulting",,,"Juneau Town area",Milwaukee,WI,"53202"
22-02-2022,"RN Care Coordinator","Horizon Home Care & Hospice",horizonhomecareandhospice.org,"Hospital & Health Care",,,"Park Place area",Milwaukee,WI,"53224"
25-02-2022,"Commercial Parts Pro - Store 3907","Advance Auto Parts",advanceautoparts.com,Retail,,,"Fairview area",Milwaukee,WI,"53219"
25-02-2022,"Middle School Teacher (22-23 School Year)","HOPE Christian Schools Semper, LLC",hopeschools.org,"Education Management","$42.4K ? $53.8K a year",,"Garden Homes area",Milwaukee,WI,"53216"
25-02-2022,"Sales Territory Manager - MN/WI/MI","DJO Global",djoglobal.eu,"Medical Devices",,,,Milwaukee,WI,""
24-02-2022,"Accounting Supervisor - County Treasurer","Milwaukee County",milwaukee.gov,"Government Administration","$67,204 - $80,017 a year",,"Marquette area",Milwaukee,WI,"53233"
25-02-2022,"Music or Art Teacher (22/23 School Year)","HOPE Christian Schools Fidelis, LLC",,,,,"Fairfield area",Milwaukee,WI,"53209"
25-02-2022,"Python Developer",Deloitte,deloitte.com,"Management Consulting",,,"Juneau Town area",Milwaukee,WI,"53202"
24-02-2022,"Medical Lab Scientist Lead - Chemistry","Children's Wisconsin",,,"$58.8K ? $74.4K a year",,,Milwaukee,WI,""
25-02-2022,"Middle School English Language Arts Teacher (22-23 School Ye...","HOPE Christian Schools Fidelis, LLC",,,"$46.2K ? $58.4K a year",,"Fairfield area",Milwaukee,WI,"53209"
25-02-2022,"Director of Nursing",Wellpath,wellpathcare.com,"Hospital & Health Care",,,"Kilbourn Town area",Milwaukee,WI,"53233"
25-02-2022,"BI Strategy Program Manager","Rockwell Automation",rockwellautomation.com,"Industrial Automation",,,"Walker's Point area",Milwaukee,WI,"53204"
25-02-2022,"Kindergarten Teacher K5 (22-23 School Year)","HOPE Christian Schools Fidelis, LLC",,,"$41.4K ? $52.4K a year",,"Fairfield area",Milwaukee,WI,"53209"
25-02-2022,"Configure Price Quote (CPQ) Product Owner - Services","Rockwell Automation",rockwellautomation.com,"Industrial Automation",,,"Walker's Point area",Milwaukee,WI,"53204"
24-02-2022,"Technical Project Manager (REMOTE in Midwest, South or East...","Rockwell Automation",rockwellautomation.com,"Industrial Automation",,Remote,,"Remote in Milwaukee",WI,""
25-02-2022,"Talent Manager (CFA - Milwaukee, WI)","Robert Half",roberthalf.com,"Staffing & Recruiting",,,,Milwaukee,WI,""
22-02-2022,"Kindergarten Teacher 5K","HOPE Christian Schools Fidelis, LLC",,,"$39.5K ? $50.1K a year",,"Fairfield area",Milwaukee,WI,"53209"
25-02-2022,"Software Product Owner",Accenture,cazoodle.com,"Computer Software",,,"Juneau Town area",Milwaukee,WI,"53202"
22-02-2022,"Cloud Software Engineering Manager","Rockwell Automation",rockwellautomation.com,"Industrial Automation","$145,840 a year",,"Walker's Point area",Milwaukee,WI,"53204"
25-02-2022,"Technical Product Manager",Accenture,cazoodle.com,"Computer Software",,,"Juneau Town area",Milwaukee,WI,"53202"
25-02-2022,"Middle School Science & Social Studies Teacher (22-23 School...","HOPE Christian Schools Fidelis, LLC",,,"$44.9K ? $56.9K a year",,"Fairfield area",Milwaukee,WI,"53209"
24-02-2022,"IT Systems Analyst","Rockwell Automation",rockwellautomation.com,"Industrial Automation","$52.5K ? $66.5K a year",,"Walker's Point area",Milwaukee,WI,"53204"
25-02-2022,"Food Service Director","Quest Food Management Services",questfms.com,Hospitality,"$53.1K ? $67.3K a year",,"Martin Drive area",Milwaukee,WI,"53208"
23-02-2022,"Creative Project Manager","Bachman Brand Development",,,"$50,000 - $90,000 a year",,"Historic Third Ward area",Milwaukee,WI,"53202"
23-02-2022,"Store Operations Manager - General Manager","Insomnia Cookies",insomniacookies.com,Restaurants,,,"Kilbourn Town area",Milwaukee,WI,"53203"
24-02-2022,"Assistant General Manager","Fairfield Inn & Suites Milwaukee Downtown",,,"$38.7K ? $48.9K a year",,"Kilbourn Town area",Milwaukee,WI,"53203"
25-02-2022,"Cash Application, Lead","Ascent Global Logistics",ascentgl.com,"Logistics & Supply Chain",,,,Milwaukee,WI,""
22-02-2022,"Milwaukee City Director - Pro Skills Basketball","Pro Skills Basketball",proskillsbasketball.com,Sports,"$32.8K ? $41.6K a year",,,Milwaukee,WI,""
22-02-2022,"General Manager",QDOBA,qdobafranchise.com,Restaurants,"$50,000 - $65,000 a year",,"Avenues West area",Milwaukee,WI,"53233"
24-02-2022,"Helpdesk & Inventory Technician","Milwaukee School of Engineering (MSOE)",,,"$38.4K ? $48.6K a year",,"Juneau Town area",Milwaukee,WI,""
23-02-2022,"Assistant General Manager","Talgo Inc",talgoamerica.com,Accounting,"$94,000 a year",,"Franklin Heights area",Milwaukee,WI,"53216"
22-02-2022,"Territory Manager","US Foods",usfoods.com,"Food & Beverages",,,,Milwaukee,WI,""
23-02-2022,"Research Associate, Product","Expert Institute",expertinstitute.com,"Computer Software","$38.7K ? $49.1K a year",,,Milwaukee,WI,""
22-02-2022,"Parts Manager","Lake Chevrolet",andersonauto.com,Automotive,"$44.6K ? $56.4K a year",,,Milwaukee,WI,""
23-02-2022,"Employee Experience","EmPower HR",integreathr.com,"Human Resources","$34.7K ? $43.9K a year",,"Historic Third Ward area",Milwaukee,WI,"53202"
25-02-2022,Bookkeeper,"Quest CE",questce.com,"Financial Services","$20 - $22 an hour",,,Milwaukee,WI,"53226"
25-02-2022,Bartender/Server,"Onesto (Hospitality Democracy)",,,"$25 - $30 an hour",,"Historic Third Ward area",Milwaukee,WI,"53202"
25-02-2022,"Assistant General Manager (East Side)","FreshFin Pok?,",,,,"Murray Hill area",Milwaukee,WI,"53202",
25-02-2022,"School Administrator","Clara Mohammed School, Inc.",,,"$64.5K ? $81.7K a year",,,Milwaukee,WI,""
25-02-2022,Copywriter,Gannett,mplsoffset.com,Printing,,Remote,,"Remote in Milwaukee",WI,""
22-02-2022,"Education Program Manager","War Memorial Center",warmemorialcenter.org,"Museums & Institutions","$45.9K ? $58.1K a year",,"Lake Park area",Milwaukee,WI,"53202"
24-02-2022,Librarian/Archivist,"Milwaukee Art Museum",mam.org,"Museums & Institutions","$52,000 a year",,,Milwaukee,WI,""
23-02-2022,"Digital Print Technician","Craft Beverage Warehouse LLC",,,"$21 - $23 an hour",,"Franklin Heights area",Milwaukee,WI,"53216"
25-02-2022,"Forklift Operator (2nd Shift)","Independence Corrugated",independencecorr.com,"Packaging & Containers","$19 an hour",,,Milwaukee,WI,""
23-02-2022,"Territory Manager","Castle Metals",castlemetals.com,"Mining & Metals",,,,Milwaukee,WI,""
25-02-2022,"Order Handling Supervisor",Konecranes,konecranes.com,Machinery,,,,Milwaukee,WI,""
22-02-2022,"Operations Manager","Office Depot OfficeMax",,,"$15 - $17 an hour",,"Southpoint area",Milwaukee,WI,"53221"
25-02-2022,"Leasing Specialist - Boulevard Apartments","Sherman Associates",sherman-associates.com,"Real Estate","$28.3K ? $35.9K a year",,"Martin Drive area",Milwaukee,WI,"53208"
22-02-2022,"Provider Enrollment Specialist(22-050)",DentaQuest,improvingoralhealth.com,,,,,Milwaukee,WI,""
23-02-2022,"HR Generalist","EmPower HR",integreathr.com,"Human Resources","$47.5K ? $60.1K a year",,"Historic Third Ward area",Milwaukee,WI,"53202"
22-02-2022,"Dental Clinic Supervisor","Dental Associates Family & Specialty Care LLC",dentalassociates.com,"Medical Practice","$63.7K ? $80.7K a year",,"Fairview area",Milwaukee,WI,"53219"
25-02-2022,"Supply Chain Analyst",GlobalTranz,globaltranz.com,"Logistics & Supply Chain","$54.5K ? $69.1K a year",,,Milwaukee,WI,""
25-02-2022,"Product Specialist","United Training Commercial LLC",unitedtraining.com,"Information Technology & Services","$41.2K ? $52.2K a year",Remote,,"Remote in Milwaukee",WI,""
25-02-2022,"Youth Behavioral & Academic Specialist (FT/PT Teachers & Hum...",Educates,educateswi.com,"Education Management","$22 - $25 an hour",,,Milwaukee,WI,""
24-02-2022,"Communications Specialist","Seton Catholic Schools",setoncatholicschools.com,"Education Management",,,"Tippecanoe area",Milwaukee,WI,"53207"
22-02-2022,"Fueler Supervisor","PrimeFlight Aviation Services Inc",primeflight.com,Airlines/Aviation,"$18 an hour",,"Tippecanoe area",Milwaukee,WI,"53207"
23-02-2022,"Iron Pourer (FT)","Mid-City Foundry Co.",midcityfoundry.com,"Mining & Metals","From $18.82 an hour",,"Walker's Point area",Milwaukee,WI,"53204"
25-02-2022,"LPC/LCSW Mental Health Professional","Broadstep Behavioral Health,Inc",broadstep.com,"Mental Health Care","$54.6K ? $69.2K a year",,"Saint Joseph area",Milwaukee,WI,"53210"
25-02-2022,Teacher,"Lad Lake Inc",ladlake.org,"Nonprofit Organization Management","$39.9K ? $50.5K a year",,"St. Amelian's area",Milwaukee,WI,"53222"
25-02-2022,"Communications Manager, SITC","Executive Director, Inc.",execinc.com,"Nonprofit Organization Management","$60.5K ? $76.5K a year",,,Milwaukee,WI,""
25-02-2022,"Sales Representative/Home Remodeling","Feldco Windows, Siding and Doors",,,"$65,000 - $115,000 a year",,,Milwaukee,WI,""
22-02-2022,"Quality Management Specialist","Versiti - Blood Center of Wisconsin",,,"From $42,400 a year",,"Avenues West area",Milwaukee,WI,"53233"
25-02-2022,"Construction Project Manager - Madison, WI (Relocation avail...","JP Cullen",jpcullen.com,Construction,"From $100,000 a year",,,Milwaukee,WI,""
24-02-2022,"Customer Service Representative / Inside Sales","FASTSIGNS #300",,,,,,Milwaukee,WI,"53220"
22-02-2022,"Dental Clinic Supervisor","Dental Associates Family & Specialty Care LLC",dentalassociates.com,"Medical Practice","$63.7K ? $80.7K a year",,,Milwaukee,WI,"53202"
22-02-2022,Recruiter,"Sterling Law Offices",sterlinglawyers.com,"Law Practice","$56.7K ? $71.7K a year",,"Juneau Town area",Milwaukee,WI,"53202"
22-02-2022,"Next Gen Director","Milwaukee Jewish Federation",milwaukeejewish.org,"Nonprofit Organization Management","$60,000 - $80,000 a year",,"Lower East Side area",Milwaukee,WI,"53202"
25-02-2022,"Corporate Recruiter-REMOTE","CCI Systems, Inc.",ccisystems.com,"Information Technology & Services","$42K ? $53.2K a year",Remote,,"Remote in Milwaukee",WI,""
24-02-2022,"Product Design Specialist","Lippert Components Plant ",,,"$55,000 - $70,000 a year",,,Milwaukee,WI,""
23-02-2022,"Account Manager","GVH Distribution",gvhdistribution.com,Wholesale,"$50,000 - $60,000 a year",,,Milwaukee,WI,""
24-02-2022,"Machine Operator","Rangam Consultants Inc.",rangam.com,"Staffing & Recruiting","$14 - $15 an hour",,"Granville Station area",Milwaukee,WI,"53224"
23-02-2022,"Hospice Care Sales Consultant",Compassus,compassus.com,"Hospital & Health Care",,,,Milwaukee,WI,""
23-02-2022,"Finance and Insurance Manager","Heiser Automotive Group",heiser.com,Automotive,,,,Milwaukee,WI,""
23-02-2022,"Maintenance Technician","Founders 3 Real Estate Services",,,"From $23 an hour",,,Milwaukee,WI,""
23-02-2022,"Logistics Coordinator","Master Lock",masterlock.com,"Consumer Goods","$41.3K ? $52.3K a year",Remote,,"Hybrid remote in Milwaukee",WI,""
22-02-2022,"Public Relations Manager","Firehouse Restaurant Group",,,"$43.6K ? $55.2K a year",Remote,,"Remote in Milwaukee",WI,""
23-02-2022,"Manufacturing Shop Manager II","Talgo Inc",talgoamerica.com,Accounting,"$72,000 a year",,"Franklin Heights area",Milwaukee,WI,"53216"
25-02-2022,"Forklift Operator (3rd shift)","Independence Corrugated",independencecorr.com,"Packaging & Containers","$19 an hour",,,Milwaukee,WI,""
22-02-2022,"Grant Accountant","Progressive Community Health Centers, Inc.",progressivechc.org,"Hospital & Health Care","$45.9K ? $58.1K a year",,"Washington Park area",Milwaukee,WI,"53208"
23-02-2022,"Project Manager",EnviroServe,enviroserve.com,"Environmental Services","$62K ? $78.6K a year",,,Milwaukee,WI,""
23-02-2022,"Project Manager",EnviroServe,enviroserve.com,"Environmental Services","$54K ? $68.4K a year",,,Milwaukee,WI,""
23-02-2022,"Accounts Receivable Specialist","Truity Partners, LLC",,,"$18 - $26 an hour",,"Juneau Town area",Milwaukee,WI,"53202"
23-02-2022,"Executive Assistant","Zurn Water Solutions",zurnwatersolutions.com,"Building Materials","$48.9K ? $61.9K a year",,"Walker's Point area",Milwaukee,WI,"53204"
23-02-2022,"Rail Car Painter - 2nd Shift","Talgo Inc",talgoamerica.com,Accounting,"$23 an hour",,"Franklin Heights area",Milwaukee,WI,"53216"
22-02-2022,"Experienced Sales Professional","Lake Auto Group",lakeautogroup.com,Automotive,"From $150,000 a year",,"Wilson Park area",Milwaukee,WI,"53221"
25-02-2022,"Housekeeping Aid","US Veterans Health Administration",va.gov,"Government Administration","$16.02 - $20.32 an hour",,"Veterans Affairs area",Milwaukee,WI,"53295"
23-02-2022,"Health Unit Coordinator- Part Time Weekends","Children's Wisconsin",,,"$28.2K ? $35.8K a year",,,Milwaukee,WI,""
25-02-2022,"CLUBS SUPERVISOR - Fiserv Forum","Compass Group Careers",,,,,,Milwaukee,WI,"53202"
25-02-2022,"FOH SUPERVISOR - Bradley Symphony Center","Compass Group Careers",,,,,,Milwaukee,WI,"53202"
22-02-2022,"Intake Specialist - Weekends","Horizon Home Care & Hospice",horizonhomecareandhospice.org,"Hospital & Health Care",,,"Park Place area",Milwaukee,WI,"53224"
25-02-2022,"CONCESSIONS CULINARY SUPERVISOR - Fiserv Forum","Compass Group Careers",,,,,,Milwaukee,WI,"53202"
23-02-2022,"Community Engagement Fellow (Milwaukee Succeeds)","Greater Milwaukee Foundation",greatermilwaukeefoundation.org,Philanthropy,,Remote,,"Hybrid remote in Milwaukee",WI,""
25-02-2022,"KITCHEN SUPERVISOR - Mecca Sports Bar","Compass Group Careers",,,,,"Kilbourn Town area",Milwaukee,WI,"53203"
25-02-2022,"PREMIUM CULINARY SUPERVISOR - Fiserv Forum","Compass Group Careers",,,,,"Kilbourn Town area",Milwaukee,WI,"53203"
25-02-2022,"Program Manager","STEM Forward",,,"$36.1K ? $45.7K a year",,,Milwaukee,WI,""
24-02-2022,"Family Engagement Coordinator- Part time (20 hours or less)","Elaine Schreiber Early Childhood Center",,,"$15 - $18 an hour",,"Silver Spring area",Milwaukee,WI,"53218"
24-02-2022,"WMSE Radio - Events Coordinator","Milwaukee School of Engineering (MSOE)",,,"$31.5K ? $39.9K a year",,"Juneau Town area",Milwaukee,WI,""
22-02-2022,"Milwaukee City Director - Pro Skills Basketball","Pro Skills Basketball",proskillsbasketball.com,Sports,"$32.8K ? $41.6K a year",,,Milwaukee,WI,""
25-02-2022,Bartender/Server,"Onesto (Hospitality Democracy)",,,"$25 - $30 an hour",,"Historic Third Ward area",Milwaukee,WI,"53202"
25-02-2022,"Assistant General Manager (East Side)","FreshFin Pok?,",,,,"Murray Hill area",Milwaukee,WI,"53202",
24-02-2022,"Program Manager","STEM Forward",,,"$22 - $25 an hour",,"Juneau Town area",Milwaukee,WI,"53202"
25-02-2022,"Youth Behavioral & Academic Specialist (FT/PT Teachers & Hum...",Educates,educateswi.com,"Education Management","$22 - $25 an hour",,,Milwaukee,WI,""
24-02-2022,"MBA in Education Leadership - Business School - Part-time Fa...","Milwaukee School of Engineering (MSOE)",,,,,"Juneau Town area",Milwaukee,WI,""
22-02-2022,"Billing Specialist","O'Neil, Cannon, Hollman, DeJong & Laing",,,"$36.3K ? $45.9K a year",,"Juneau Town area",Milwaukee,WI,"53202"
25-02-2022,"Project Coordinator",Trissential,trissential.com,"Information Technology & Services","$45.5K ? $57.7K a year",,,Milwaukee,WI,""
24-02-2022,"Full Comprehensive Pilates Instructor","Eastside Pilates",,,"$35 - $40 an hour",,"Murray Hill area",Milwaukee,WI,"53211"
24-02-2022,"Adjunct Trainer for Professional Education","Milwaukee School of Engineering (MSOE)",,,"$63.1K ? $79.9K a year",,"Juneau Town area",Milwaukee,WI,""
24-02-2022,"RN Supervisor","VMP Healthcare & Community Living",vmpcares.com,"Hospital & Health Care",,,,Milwaukee,WI,"53227"
24-02-2022,"Home Health Nurse (Clinical Research) - Milwaukee, WI","Medical Research Network",themrn.io,Research,,,,Milwaukee,WI,""
22-02-2022,"Recruiter - RPO Consultant","Manpower Corporate",,,"$52,500 - $87,500 a year",,"Schlitz Park area",Milwaukee,WI,"53212"
22-02-2022,"Recruiter - RPO Consultant","Manpower Corporate",,,"$52,500 - $87,500 a year",,"Schlitz Park area",Milwaukee,WI,"53212"
24-02-2022,"Recruiter, virtual - Life & Retirement Insurance Services","Manpower Corporate",,,"$52,500 - $87,500 a year",Remote,,"Remote in Milwaukee",WI,""
24-02-2022,"Machine Operator","Rangam Consultants Inc.",rangam.com,"Staffing & Recruiting","$14 - $15 an hour",,"Granville Station area",Milwaukee,WI,"53224"
25-02-2022,"Project Coordinator",Trissential,trissential.com,"Information Technology & Services","$45.5K ? $57.7K a year",,,Milwaukee,WI,""
24-02-2022,"Teller Supervisor","Self-Help Federal Credit Union",self-helpfcu.org,"Financial Services","From $18.50 an hour",,"Southgate area",Milwaukee,WI,"53215"
24-02-2022,"Home Health Nurse (Clinical Research) - Milwaukee, WI","Medical Research Network",themrn.io,Research,,,,Milwaukee,WI,""
25-02-2022,"Housekeeping Aid","US Veterans Health Administration",va.gov,"Government Administration","$16.02 - $20.32 an hour",,"Veterans Affairs area",Milwaukee,WI,"53295"
25-02-2022,"Employer Relations Manager","University of Wisconsin?Milwaukee",,,"$54.1K ? $68.5K a year",,"Downer Woods area",Milwaukee,WI,"53201"
25-02-2022,"Landscape Architect",Stantec,tdg.co.nz,"Civil Engineering",,,,Milwaukee,WI,""
22-02-2022,"Public Health Program Manager, National Hypertension Control...","American Heart Association",heart.org,"Health, Wellness & Fitness","$64.5K ? $81.7K a year",,"Capitol area",Madison,WI,"53786"
23-02-2022,"Health Coach","State of Wisconsin",wisc.jobs,"Government Administration","$25 - $35 an hour",,,Madison,WI,""
25-02-2022,"Director, Office of Preparedness and Emergency Health Care","State of Wisconsin",wisc.jobs,"Government Administration","$102,086 - $111,716 a year",Remote,,"Hybrid remote in Madison",WI,""
24-02-2022,"Health & Wellness Editor (Remote)","LoveToKnow Media",lovetoknowmedia.com,"Online Media","$53.7K ? $68.1K a year",Remote,,"Remote in Madison",WI,""
22-02-2022,"Supervisor, Print & Mail Services","Madison Area Technical College",madisoncollege.edu,"Higher Education","$47,189 - $57,806 a year",,,Madison,WI,"53704"
24-02-2022,"Compliance Reviewer","State of Wisconsin",wisc.jobs,"Government Administration","$23 - $26 an hour",,,Madison,WI,""
24-02-2022,"National Register Coordinator","State of Wisconsin",wisc.jobs,"Government Administration","$24 - $30 an hour",,,Madison,WI,""
22-02-2022,"Patient Relations Coordinator","UW Health",uwhealth.org,"Hospital & Health Care",,,,Madison,WI,""
23-02-2022,"Seeking a full time Grants Coordinator!","End Domestic Abuse Wisconsin",endabusewi.org,,"$50,000 - $55,000 a year",,"Tenney-Lapham area",Madison,WI,"53703"
24-02-2022,"Workplace Experience Coordinator","M3 Insurance Solutions",m3ins.com,Insurance,"$35.7K ? $45.1K a year",,,Madison,WI,"53713"
23-02-2022,Copywriter,"Stephan & Brady",,,,,,Madison,WI,"53704"
24-02-2022,"Nutritional Program Manager (Dietitian)","State of Wisconsin",wisc.jobs,"Government Administration","$30.00 - $40.85 an hour",,,Madison,WI,""
23-02-2022,"Development Coordinator","The Nature Conservancy",nature.org,"Nonprofit Organization Management","$38.7K ? $48.9K a year",,"Capitol area",Madison,WI,"53703"
24-02-2022,"Maintenance Coordinator","Common Wealth Development, Inc",,,"$22 - $24 an hour",,"Marquette area",Madison,WI,"53703"
25-02-2022,"Program Coordinator, South Central WI","Down Syndrome Association of Wisconsin, Inc.",,,"$18 - $20 an hour",,,Madison,WI,""
23-02-2022,"Employee Relations Consultant","UW Health",uwhealth.org,"Hospital & Health Care",,,,Madison,WI,""
25-02-2022,"Service Resource Manager","Slipstream Group, Inc.",,,"$62,949 a year",,,Madison,WI,""
24-02-2022,"PHYSICAL EDUCATION TEACHER EDUCATION INSTRUCTION AND COORDIN...","University of Wisconsin?Madison",,,,,,Madison,WI,"53706"
23-02-2022,"Social Worker - Part Time - Madison, WI","UnitedHealth Group",unitedhealthgroup.com,"Hospital & Health Care",,,"Greenbush area",Madison,WI,"53715"
22-02-2022,"ENGLISH DEPARTMENT GRADUATE COORDINATOR","University of Wisconsin?Madison",,,,,,Madison,WI,"53706"
24-02-2022,"Associate Manager, Provider Success","Exact Sciences Corporation",exactsciences.com,Biotechnology,"$41.9K ? $53.1K a year",,,Madison,WI,"53711"
25-02-2022,"Learning Consultant I","CUNA Mutual Group",cunamutual.com,Insurance,"$61.9K ? $78.3K a year",,"Faircrest area",Madison,WI,"53705"
23-02-2022,"Agency Manager","Stephan & Brady",,,"$65.4K ? $82.8K a year",,,Madison,WI,"53704"
24-02-2022,"JOURNALS MARKETING COORDINATOR","University of Wisconsin?Madison",,,,,,Madison,WI,"53706"
25-02-2022,"IT Director- Career Executive","State of Wisconsin",wisc.jobs,"Government Administration","$89,440 - $119,308 a year",,,Madison,WI,""
24-02-2022,"HL7 Integration and Interoperability Consultant",Deloitte,deloitte.com,"Management Consulting",,,,Madison,WI,""
22-02-2022,"DESIGN TEAM LEAD - CASH MANAGEMENT","University of Wisconsin?Madison",,,,Remote,,"Remote in Madison",WI,""
23-02-2022,"RESEARCH PROGRAM COORDINATOR","University of Wisconsin?Madison",,,,,,Madison,WI,"53706"
25-02-2022,"Case Manager - Hotels to Housing Program","Lutheran Social Services of WI & UP MI",lsswis.org,"Nonprofit Organization Management","$20 an hour",,,Madison,WI,""
24-02-2022,"Litigation Paralegal","Exact Sciences Corporation",exactsciences.com,Biotechnology,,Remote,,"Remote in Madison",WI,""
25-02-2022,"DIRECTOR OF DINING SERVICES (MARSHFIELD MEDICAL) MADISON WI","Compass Group Careers",,,,,"Capitol area",Madison,WI,"53701"
25-02-2022,"Office Administrator","Foley & Lardner LLP",foley.com,"Legal Services","$60.9K ? $77.1K a year",,"Capitol area",Madison,WI,"53703"
25-02-2022,"SCIENTIST III","University of Wisconsin?Madison",,,,,,Madison,WI,"53706"
22-02-2022,"Talent Acquisition Specialist","SSM Health",ssmhealth.com,"Hospital & Health Care",,,,Madison,WI,"53713"
25-02-2022,"Client Success Manager - Global Preplanning Solutions (Remot...","CUNA Mutual Group",cunamutual.com,Insurance,,Remote,,"Remote in Madison",WI,""
22-02-2022,"Manager, Provider Support","Exact Sciences Corporation",exactsciences.com,Biotechnology,"$38.1K ? $48.3K a year",,,Madison,WI,"53711"
23-02-2022,"Director, Human Resources","United Way",unitedwaytv.com,"Civic & Social Organization",,,,Madison,WI,""
22-02-2022,"DESIGN TEAM LEAD - SUPPLY CHAIN MANAGEMENT","University of Wisconsin?Madison",,,,Remote,,"Remote in Madison",WI,""
25-02-2022,"Payroll Specialist*","City of Madison, WI",cityofmadison.com,"Government Administration","$50,518 a year",,,Madison,WI,""
23-02-2022,"MARKETING AND COMMUNICATIONS MANAGER","University of Wisconsin?Madison",,,,,,Madison,WI,"53706"
25-02-2022,"Enterprise Account Executive, State Local & Higher Education",Udemy,udemy.com,E-Learning,,,,Madison,WI,""
23-02-2022,"Account Manager - Madison - Full-Time",Agrace,agrace.org,"Hospital & Health Care",,,,Madison,WI,"53711"
22-02-2022,"BUSINESS SYSTEM ANALYST II","University of Wisconsin?Madison",,,,Remote,,"Remote in Madison",WI,""
24-02-2022,"Manager, Sales Development (Remote)","Ada Inc.",ada.cx,,,Remote,,"Remote in Madison",WI,""
25-02-2022,"Educational Content Development Manager","National University",nu.edu,"Higher Education","$62.6K ? $79.2K a year",,,Madison,WI,""
23-02-2022,"Account Manager-Madison",UNFI,unfi.com,"Food & Beverages",,,,Madison,WI,""
22-02-2022,"RESEARCH SPECIALIST","University of Wisconsin?Madison",,,,,,Madison,WI,"53706"
22-02-2022,"Patient Relations Coordinator","UW Health",uwhealth.org,"Hospital & Health Care",,,,Madison,WI,""
25-02-2022,"SHARED SERVICES ACCOUNTANT","University of Wisconsin?Madison",,,,,,Madison,WI,"53706"
24-02-2022,"General Accountant","Weir Group",global.weir,"Mining & Metals","$47.8K ? $60.6K a year",,,Madison,WI,""
23-02-2022,"Drug Substance Lifecycle Lead",Catalent,,,"$66.3K ? $83.9K a year",,,Madison,WI,"53717"
24-02-2022,"Manager-Coding, Hospital","SSM Health",ssmhealth.com,"Hospital & Health Care",,,,Madison,WI,"53715"
25-02-2022,"FINANCIAL SUPERVISOR","University of Wisconsin?Madison",,,,,,Madison,WI,"53706"
23-02-2022,"Marketing Coordinator","Mead & Hunt",meadhunt.com,"Civil Engineering","$47.9K ? $60.7K a year",,,Madison,WI,""
22-02-2022,"Business Systems Analyst, Coordinator - Madison, WI or San D...",Illumina,llumina.com,Publishing,,Remote,,"Hybrid remote in Madison",WI,""
25-02-2022,"Executive Administrator","SVA Certified Public Accountants, S.C.",,,"$52.7K ? $66.7K a year",,,Madison,WI,"53717"
23-02-2022,"Clinical Social Worker","State of Wisconsin",wisc.jobs,"Government Administration","$30.00 - $39.15 an hour",,,Madison,WI,""
24-02-2022,"People Operations Specialist",Block,block.app,"Computer Software","$60.5K ? $76.7K a year",,,Madison,WI,""
24-02-2022,"Strategic Sales Analyst","Alta Genetics",,,,,,Madison,WI,""
24-02-2022,"Production Support Analyst",Deloitte,deloitte.com,"Management Consulting",,,,Madison,WI,""
23-02-2022,"Field Services Advanced CIP Specialist I",Ricoh,ricoh-usa.com,"Information Technology & Services",,,,Madison,WI,""
23-02-2022,"Store Manager - 7031","Five Below",fivebelow.com,Retail,,,,Madison,WI,"53711"
22-02-2022,"QUALITY CONTROL HPLC SCIENTIST","University of Wisconsin?Madison",,,,,,Madison,WI,"53706"
23-02-2022,"Clinical Outcomes Specialist","SSM Health",ssmhealth.com,"Hospital & Health Care",,,,Madison,WI,"53713"
25-02-2022,"Cyber Consultant - REMOTE",Deloitte,deloitte.com,"Management Consulting",,Remote,,"Remote in Madison",WI,""
22-02-2022,"Merchandise Manager","Five Below",fivebelow.com,Retail,,,,Madison,WI,"53711"
24-02-2022,"Front-End Development Lead",Deloitte,deloitte.com,"Management Consulting",,,,Madison,WI,""
25-02-2022,"Consumer Lending Operations Assistant Manager","UW Credit Union",uwcu.org,Banking,,,,Madison,WI,"53705"
24-02-2022,"Quality System Specialist",ResMed,resmed.com,"Medical Devices",,,,Madison,WI,""
22-02-2022,"Customer Experience Manager","Five Below",fivebelow.com,Retail,,,,Madison,WI,"53711"
25-02-2022,"Risk Management Framework Specialist - REMOTE",Deloitte,deloitte.com,"Management Consulting",,Remote,,"Remote in Madison",WI,""
25-02-2022,"Outside Sales Representative",Graybar,graybar.com,Wholesale,,,,Madison,WI,"53774"
23-02-2022,"Store Leader (Manager) Madison WI","7-Eleven, Inc.",7-eleven.com,Retail,,,,Madison,WI,"53713"
23-02-2022,"Metrology Training Specialist II","Exact Sciences Corporation",exactsciences.com,Biotechnology,"$42.4K ? $53.6K a year",,,Madison,WI,"53711"
25-02-2022,"Case Manager - Hotels to Housing Program","Lutheran Social Services of WI & UP MI",lsswis.org,"Nonprofit Organization Management","$20 an hour",,,Madison,WI,""
22-02-2022,"DESIGN TEAM LEAD - PROJECTS","University of Wisconsin?Madison",,,,Remote,,"Remote in Madison",WI,""
24-02-2022,"Solutions Architect","Sentry Insurance",docservice.ie,"Nonprofit Organization Management","$112K ? $142K a year",,,Madison,WI,"53562"
25-02-2022,"Job title ? Is Infrastructure Architect ? Network, UC and Cl...","UW Health",uwhealth.org,"Hospital & Health Care",,Remote,,"Remote in Madison",WI,""
24-02-2022,"Manager II Medical Management",Anthem,anthem.com,Insurance,"$80.5K ? $102K a year",,"Capitol area",Madison,WI,"53703"
23-02-2022,"Digital Marketing Manager","Stephan & Brady",,,"$60.1K ? $76.1K a year",,,Madison,WI,"53704"
24-02-2022,"Lead Commercial Relationship Manager- Madison, WI","Wells Fargo",climaticsolar.com,"Environmental Services",,,,Madison,WI,""
25-02-2022,"Quality Control Manager","Ukpeagvik I?upiat Corporation/Bowhead Family of...",,,"$82.6K ? $105K a year",,,Madison,WI,""
25-02-2022,"Facilities Maintenance Technician II","ALDEVRON MADISON, LLC",,,"$39.8K ? $50.4K a year",,,Madison,WI,""
25-02-2022,"Technology Specialist - REMOTE",Deloitte,deloitte.com,"Management Consulting",,Remote,,"Remote in Madison",WI,""
22-02-2022,"Technology Project Manager / Scrum Master (open to remote)","American Family Insurance",amfam.com,Insurance,"Up to $144,500 a year",Remote,,"Remote in Madison",WI,""
25-02-2022,"Cyber Security Architect, Manager",Deloitte,deloitte.com,"Management Consulting",,,,Madison,WI,""
24-02-2022,"Microwave Technician",Accuray,accuray.com,"Medical Devices","$43.7K ? $55.3K a year",,,Madison,WI,"53717"
25-02-2022,"SDET - Test Automation Lead",Deloitte,deloitte.com,"Management Consulting",,,,Madison,WI,""
23-02-2022,"Registered Nurse - Care Team Leader - PACU","UW Health",uwhealth.org,"Hospital & Health Care",,,,Madison,WI,""
22-02-2022,"IT Business Relationship Manager (BRM) - ERP","Sub-Zero Group, Inc.",,,,,,Madison,WI,"53711"
25-02-2022,"Revenue Integrity Charge Capture Supervisor - OR & Endo","Banner Health",bannerhealth.com,"Hospital & Health Care",,Remote,,"Remote in Madison",WI,""
24-02-2022,".NET Web Developer","Knowledge Services",knowledgeservices.com,"Information Technology & Services","$78.8K ? $99.8K a year",,"Capitol area",Madison,WI,"53703"
22-02-2022,"DevSecOps Manager - Open to Remote!","American Family Insurance",amfam.com,Insurance,"From $111,200 a year",Remote,,"Remote in Madison",WI,""
25-02-2022,"Caregiver/Team Lead","Oak Park Place",oakparkplace.com,"Hospital & Health Care","$18.00 - $20.50 an hour",,,Madison,WI,""
25-02-2022,"Group Home Program Supervisor","Tellurian Inc.",,,"From $45,000 a year",,,Madison,WI,""
24-02-2022,"Activity Director","Oak Park Place",oakparkplace.com,"Hospital & Health Care",,,"McClellan Park area",Madison,WI,"53718"
25-02-2022,"Resource Coordinator",Bluum,,,"$31K ? $39.2K a year",,"Madison area",Madison,WI,"53703"
22-02-2022,"Assistant General Manager","Madison East DoubleTree by Hilton",,,"$36.9K ? $46.7K a year",,,Madison,WI,"53704"
25-02-2022,"Admissions Director","Hickory Hill Academy",hickoryhillacademy.com,"Primary/Secondary Education","From $75,000 a year",,,Madison,WI,"53719"
24-02-2022,"Restaurant Director of Operations","Ancora Cafe + Bakery",,,"$60,000 - $80,000 a year",,"Capitol area",Madison,WI,"53703"
24-02-2022,"Assistant Store Manager","Blain's Farm & Fleet",farmandfleet.com,Retail,,,"Glendale area",Madison,WI,"53716"
24-02-2022,"Secretarial Assistance","Shree Talent Services",sritalent.com,"Staffing & Recruiting","$20 - $25 an hour",Remote,,"Temporarily Remote in Madison",WI,""
24-02-2022,"Multi-Site Property Manager- Madison Area","Gorman & Company",gormanusa.com,"Real Estate","$50.7K ? $64.1K a year",,,Madison,WI,""
24-02-2022,"Operational Support, Childcare Administration","Bright Child Learning Center",brightchildlearningcenter.com,"Education Management","From $16.87 an hour",,"Maple-Prairie area",Madison,WI,"53719"
24-02-2022,"Fund Manager - Asset Management","Cinnaire Corporation",cinnaire.com,"Financial Services",,,"Madison area",Madison,WI,"53703"
23-02-2022,"Franchise Development Consultant","Coverall North America",,,"$28,643 - $47,000 a year",,,Madison,WI,"53719"
24-02-2022,"Sales Manager - Madison","Underground Printing",undergroundshirts.com,"Apparel & Fashion","$45,000 - $60,000 a year",,"Capitol area",Madison,WI,"53703"
25-02-2022,"Project Coordinator","Prototek Sheetmetal Fabrication, LLC",,,"$37.1K ? $46.9K a year",,,Madison,WI,""
22-02-2022,"Traveling Chef","Oak Park Place",oakparkplace.com,"Hospital & Health Care","$40.2K ? $51K a year",,,Madison,WI,""
25-02-2022,"Test Editor","National Conference of Bar Examiners",ncbex.org,Research,,Remote,,"Remote in Madison",WI,""
22-02-2022,"HCM Account Executive - Madison, WI","PAYLOCITY CORPORATION",,,"$40,000 - $80,000 a year",Remote,,"Remote in Madison",WI,""
25-02-2022,"ICA Dane County Coordinated Entry Specialist","Institute for Community Alliances",icalliances.org,"Information Services","$50,000 - $56,000 a year",,"Capitol area",Madison,WI,"53703"
22-02-2022,"Operational Supervisor/Event Coordinator","George Vitense Golfland",,,"$28.9K ? $36.7K a year",,,Madison,WI,"53711"
24-02-2022,"Warehouse/Facilities & Employee Owner Wanted!!","TORMACH, INC",,,"$23 - $25 an hour",,,Madison,WI,"53718"
25-02-2022,"Program Coordinator, South Central WI","Down Syndrome Association of Wisconsin",dsaw.org,"Individual & Family Services","$18 - $20 an hour",,,Madison,WI,"53744"
25-02-2022,"Assistant Controller","CLASEN QUALITY CHOCOLATE",cqc.com,"Food Production","$72K ? $91.2K a year",,,Madison,WI,"53718"
25-02-2022,"Office Manager","Berntsen International, Inc.",,,"$19 - $24 an hour",,,Madison,WI,"53704"
23-02-2022,"Account Manager","GVH Distribution",gvhdistribution.com,Wholesale,"$50,000 - $60,000 a year",,,Madison,WI,""
24-02-2022,"Safe Haven Crisis Stabilization Supervisor","Porchlight, Inc.",porchlightinc.org,"Nonprofit Organization Management","$19 - $21 an hour",,"Burke Heights area",Madison,WI,"53714"
24-02-2022,"Chef at Salvatore's Tomato Pies",Clock'd,,,"$50,000 - $55,000 a year",,,Madison,WI,"53716"
23-02-2022,"Hospital Liaison","Bedrock Healthcare",bedrockhcs.com,"Hospital & Health Care",,,,Madison,WI,""
22-02-2022,"Implementation Success Manager (local or remote)","Wellbe, Inc.",,,"$61.7K ? $78.1K a year",Remote,,"Remote in Madison",WI,""
25-02-2022,"Product Specialist","United Training Commercial LLC",unitedtraining.com,"Information Technology & Services","$41.2K ? $52.2K a year",Remote,,"Remote in Madison",WI,""
25-02-2022,"Employment Specialist","Down Syndrome Association of Wisconsin",dsaw.org,"Individual & Family Services","$18 - $20 an hour",,,Madison,WI,"53744"
25-02-2022,"Purchasing Manager","1901 Inc.",1901inc.com,Construction,"$56.4K ? $71.4K a year",,,Madison,WI,"53713"
23-02-2022,"Outside Sales Representative","Elevate Results",elevateresultsconsulting.com,"Human Resources","From $60,000 a year",,,Madison,WI,""
25-02-2022,"Corporate Recruiter-REMOTE","CCI Systems, Inc.",ccisystems.com,"Information Technology & Services","$42K ? $53.2K a year",Remote,,"Remote in Madison",WI,""
22-02-2022,"Golf Apparel Independent Sales Representative","Monterey Club",montereyclub.com,Wholesale,,,,Madison,WI,""
23-02-2022,"Payroll Accountant","Willy Street Co-op",,,"From $49,712 a year",,"Marquette area",Madison,WI,"53703"
23-02-2022,"Purchasing Coordinator - New Home Construction","Ryan Building Group",,,"$36.7K ? $46.5K a year",,,Madison,WI,""
25-02-2022,"New Product Launch Manager- Manufacturing","Chartier Group",,,"$85,000 - $95,000 a year",,,Madison,WI,""
25-02-2022,"Office Manager","Aspen Dental",aspendent.com,"Health, Wellness & Fitness",,,,Madison,WI,"53774"
25-02-2022,"Assistant Office Manager","Aspen Dental",aspendent.com,"Health, Wellness & Fitness",,,,Madison,WI,"53717"
23-02-2022,"Product Planning Specialist",Radiant,radiantviewer.com,,"$30.00 - $32.14 an hour",,,Madison,WI,"53718"
25-02-2022,"SAP SME","EMD Serono",emdserono.com,Biotechnology,"$24 - $26 an hour",,"Midvale Heights Community area",Madison,WI,"53711"
23-02-2022,"Marketing Coordinator",Opterrix,,,"$30,442 - $68,599 a year",,,Madison,WI,"53783"
22-02-2022,"Regional MDS Coordinator","Oak Park Place",oakparkplace.com,"Hospital & Health Care",,,,Madison,WI,""
25-02-2022,"Construction Superintendent","Ideal Builders, Inc",,,"$75,000 - $100,000 a year",,,Madison,WI,""
23-02-2022,"Product Manager, Population Health","Navitus Health Solutions LLC",navitus.com,Pharmaceuticals,,,,Madison,WI,"53717"
23-02-2022,"Product Planning Specialist","Radiant Systems Inc",radiantsystems.com,"Software Development & Design, Software, Custom Software & Technical Consulting, ... Computer Netwo","$32.14 an hour",,,Madison,WI,"53718"
23-02-2022,"Project Manager -- Hybrid","cybertrol engineering",cybertrol.com,"Industrial Automation","$80,000 - $120,000 a year",,,Madison,WI,"53718"
23-02-2022,"CONSTRUCTION PROJECT MANAGER (MULTI-FAMILY)","Bear Property Management",bearpropertymanagement.com,"Information Technology & Services","$74.6K ? $94.4K a year",,,Madison,WI,"53715"
24-02-2022,"Material Specialist",Stefanini,,,"$29 - $30 an hour",,,Madison,WI,"53718"
23-02-2022,"Maintenance Supervisor","Progressive Reliability",,,"$30.84 - $37.76 an hour",,,Madison,WI,""
24-02-2022,"Prior Authorization Specialist II","Navitus Health Solutions LLC",navitus.com,Pharmaceuticals,"$28.9K ? $36.5K a year",,,Madison,WI,"53717"
25-02-2022,"Data Science Manager - Jobseeker Profile",Indeed,indeed.com,Internet,"$187,000 - $270,000 a year",,,Madison,WI,""
23-02-2022,"Product Owner- Donate Site","InterVarsity Christian Fellowship",intervarsity.org,"Religious Institutions","$56,000 - $74,000 a year",,"Midvale Heights Community area",Madison,WI,"53711"
25-02-2022,"Project Coordinator","Bella Domicile",,,"$34,049 - $64,297 a year",,,Madison,WI,"53719"
22-02-2022,"Project Manager IT- remote","Navitus Health Solutions LLC",navitus.com,Pharmaceuticals,,Remote,,"Remote in Madison",WI,""
23-02-2022,"Analytical Chemist I","Eurofins USA Food Testing",,,"$42.3K ? $53.5K a year",,,Madison,WI,""
23-02-2022,"OFFICE OF CHILD CARE AND FAMILY RESOURCES ASSISTANT III","University of Wisconsin?Madison",,,,,,Madison,WI,"53706"
24-02-2022,"Elementary Girls Inc. Facilitator - Summer 2022","Madison School & Community Recreation",mscr.org,"Recreational Facilities & Services","$16 an hour",,,Madison,WI,"53705"
24-02-2022,"Elementary Girls Inc. Facilitator - Summer 2022","Madison School & Community Recreation",mscr.org,"Recreational Facilities & Services","$16 an hour",,,Madison,WI,"53705"
24-02-2022,"PEER SUPPORT NAVIGATOR","University of Wisconsin?Madison",,,,,,Madison,WI,"53706"
23-02-2022,"THE ACRES PROJECT COORDINATOR","University of Wisconsin?Madison",,,,,,Madison,WI,"53706"
25-02-2022,"Videographer - 2nd shooter - Saturdays/Weekends","DJ Magic Enterprises, Incorporated",,,,,"Heistand area",Madison,WI,"53714"
25-02-2022,"PROGRAMMER ANALYST - RESEARCH","University of Wisconsin?Madison",,,,,,Madison,WI,"53706"
23-02-2022,"UW PREVENTION RESEARCH CENTER DEPUTY DIRECTOR","University of Wisconsin?Madison",,,,,,Madison,WI,"53706"
24-02-2022,"DATA TECHNOLOGY LECTURER","University of Wisconsin?Madison",,,,,,Madison,WI,"53706"
25-02-2022,"Customer Service Lead/Keyholder - Prairie Towne Center - Car...","Carter's | OshKosh B'gosh Retail",oshkosh.com,,,,"Junction Ridge area",Madison,WI,"53717"
23-02-2022,"Registered Nurse ? Care Team Leader ? Neurosurgery ICU","UW Health",uwhealth.org,"Hospital & Health Care",,,,Madison,WI,""
23-02-2022,"Registered Nurse - Care Team Leader - PACU","UW Health",uwhealth.org,"Hospital & Health Care",,,,Madison,WI,""
23-02-2022,"Summer Youth Golf Instructor","Keva Sports Center",,,"$15 an hour",,,Madison,WI,""
23-02-2022,"Full Charge Bookkeeper (part-time, ability to work remotely)","Fine Point Consulting",finepoint-consulting.com,Fund-Raising,"$17 - $21 an hour",,"Leopold area",Madison,WI,"53713"
23-02-2022,"Marketing and Development Coordinator","Wisconsin FFA Foundation",,,"$31.7K ? $40.1K a year",,,Madison,WI,""
24-02-2022,"Secretarial Assistance","Shree Talent Services",sritalent.com,"Staffing & Recruiting","$20 - $25 an hour",Remote,,"Temporarily Remote in Madison",WI,""
22-02-2022,"Corporate Communications Consultant: Remote","Stefanini, Inc",stefanini.com,"Information Technology & Services","$120,000 - $130,000 a year",Remote,,"Remote in Madison",WI,""
25-02-2022,"SAP SME","EMD Serono",emdserono.com,Biotechnology,"$24 - $26 an hour",,"Midvale Heights Community area",Madison,WI,"53711"
23-02-2022,"Product Planning Specialist",Radiant,radiantviewer.com,,"$30.00 - $32.14 an hour",,,Madison,WI,"53718"
23-02-2022,"Product Planning Specialist","Radiant Systems Inc",radiantsystems.com,"Software Development & Design, Software, Custom Software & Technical Consulting, ... Computer Netwo","$32.14 an hour",,,Madison,WI,"53718"
24-02-2022,"Material Specialist",Stefanini,,,"$29 - $30 an hour",,,Madison,WI,"53718"
24-02-2022,"Geospatial Solutions Developer","AE Business Solutions",aebs.com,"Information Technology & Services","$86.5K ? $110K a year",Remote,,"Hybrid remote in Madison",WI,""
25-02-2022,"BHJOB15656_17285 - Desktop Support Analyst-Local to WI (W-46...","Myticas Consulting",myticas.com,"Staffing & Recruiting","$43.1K ? $54.5K a year",,,Madison,WI,""
24-02-2022,"IT Administrator/Support Analyst W2 only",CO,co-collections.com,"Apparel & Fashion","$25 - $28 an hour",,,Madison,WI,""
24-02-2022,"Elementary Girls Inc. Facilitator - Summer 2022","Madison School & Community Recreation",mscr.org,"Recreational Facilities & Services","$16 an hour",,,Madison,WI,"53705"
24-02-2022,"Elementary Girls Inc. Facilitator - Summer 2022","Madison School & Community Recreation",mscr.org,"Recreational Facilities & Services","$16 an hour",,,Madison,WI,"53705"
24-02-2022,".NET Web Developer","Knowledge Services",knowledgeservices.com,"Information Technology & Services","$78.8K ? $99.8K a year",,"Capitol area",Madison,WI,"53703"
23-02-2022,"Summer Youth Golf Instructor","Keva Sports Center",,,"$15 an hour",,,Madison,WI,""
25-02-2022,"Museum Exhibitions Manager","Brown County, WI",,,"$60.1K ? $76.1K a year",,"Fort Howard area","Green Bay",WI,""
23-02-2022,"Operations Support Representative - After Hours","FedEx Logistics",,,,,,"Green Bay",WI,"54304"
23-02-2022,"Store Team Leader","Goodwill NCW Jobs",goodwillncw.org,Retail,,,,"Green Bay",WI,"54303"
24-02-2022,"Shipping Clerk ? 1st Shift","Valley Packaging Supply",,,"$17 - $20 an hour",,,"Green Bay",WI,"54304"
25-02-2022,"DIRECTOR OF DINING SERVICES II - University of Wisconsin - G...","Compass Group Careers",,,,,,"Green Bay",WI,"54311"
24-02-2022,"Machine Operator ? All Shifts","Valley Packaging Supply",,,"$18 an hour",,,"Green Bay",WI,"54304"
23-02-2022,"Store Manager","Sunglass Hut",,,,,,"Green Bay",WI,"54304"
23-02-2022,"Store Manager",Luxottica,luxottica.com,"Luxury Goods & Jewelry",,,,"Green Bay",WI,"54304"
23-02-2022,"Operations Support Representative - After Hours","FedEx Logistics",,,,,,"Green Bay",WI,"54304"
24-02-2022,"Front Office Manager","Fairfield Inn by Marriott Green Bay",,,"$38.7K ? $48.9K a year",,,"Green Bay",WI,""
25-02-2022,"Operations Specialist-epayments-Wire Transfer-Remote","Associated Bank",associatedbank.com,"Financial Services","$38.1K ? $48.3K a year",Remote,,"Remote in Green Bay",WI,""
22-02-2022,"HSE&S Manager",Nouryon,nouryon.com,Chemicals,,,,"Green Bay",WI,"54313"
22-02-2022,"Allround Operator - Green Bay, WI",Nouryon,nouryon.com,Chemicals,,,,"Green Bay",WI,"54313"
25-02-2022,"TRAVELING ASSISTANT DIRECTOR DINING SERVICES (ST. VINCENT) -...","Compass Group Careers",,,,,,"Green Bay",WI,"54301"
22-02-2022,"ORDER PULLER 1ST SHIFT","Eillien?s Candies",,,"$29.2K ? $37K a year",,,"Green Bay",WI,"54304"
23-02-2022,"Account Manager-Green Bay",UNFI,unfi.com,"Food & Beverages",,,,"Green Bay",WI,"54304"
25-02-2022,"Quality Specialist","Nature's Way",naturesway.com,"Health, Wellness & Fitness",,,,"Green Bay",WI,"54311"
25-02-2022,"Digital Marketing Analyst",Schneider,schneider.com,Transportation/Trucking/Railroad,,,,"Green Bay",WI,""
22-02-2022,"Producer, Creative Services- WGBA/WACY","The E.W. Scripps Company",scripps.com,"Media Production",,,,"Green Bay",WI,""
25-02-2022,"Sales Representative - Neuroscience Specialty","Eli Lilly",lilly.com,Pharmaceuticals,,,,"Green Bay",WI,""
22-02-2022,"FORKLIFT OPERATOR 1ST SHIFT","Eillien?s Candies",,,"$30.3K ? $38.3K a year",,,"Green Bay",WI,"54304"
22-02-2022,"Group Sales Manager",Cabela's,cabelas.com,Retail,,,,"Green Bay",WI,"54304"
25-02-2022,"Application Development Manager","Schreiber Foods",schreiberfoods.com,"Food Production","$80.7K ? $102K a year",,,"Green Bay",WI,""
24-02-2022,"Business Technology Developer",Schneider,schneider.com,Transportation/Trucking/Railroad,,,,"Green Bay",WI,""
22-02-2022,"Maintenance Technician - Green Bay, WI",Nouryon,nouryon.com,Chemicals,,,,"Green Bay",WI,"54313"
24-02-2022,"Scrum Master - Remote Within Footprint","Associated Bank",associatedbank.com,"Financial Services",,Remote,,"Remote in Green Bay",WI,""
24-02-2022,"Full-Stack Developer, .NET Focus - Remote Within Footprint","Associated Bank",associatedbank.com,"Financial Services","$81.5K ? $103K a year",Remote,,"Remote in Green Bay",WI,""
25-02-2022,"Commercial Banking Portfolio Manager- Multiple Locations","WELLS FARGO BANK",wellsfargo.com,"Financial Services",,,,"Green Bay",WI,""
22-02-2022,"Global IT Business Manager","Schreiber Foods",schreiberfoods.com,"Food Production",,,,"Green Bay",WI,""
25-02-2022,"Data Analytics Manager","Associated Bank",associatedbank.com,"Financial Services",,,,"Green Bay",WI,""
22-02-2022,"ORDER PULLER 2ND SHIFT","Eillien?s Candies",,,"$29.4K ? $37.2K a year",,,"Green Bay",WI,"54304"
22-02-2022,"FORKLIFT OPERATOR 2ND SHIFT","Eillien?s Candies",,,"$31.8K ? $40.2K a year",,,"Green Bay",WI,"54304"
23-02-2022,"SOA Developer","Cognizant Technology Solutions",cognizant.com,"Information Technology & Services",,,,"Green Bay",WI,""
24-02-2022,"Operations Specialist-Commercial Loans-Hybrid Remote Green B...","Associated Bank",associatedbank.com,"Financial Services","$31.7K ? $40.1K a year",Remote,,"Hybrid remote in Green Bay",WI,""
23-02-2022,"UI AngularJS Bootstrap Developer - Remote",iboss,iboss.com,"Computer & Network Security",,Remote,,"Remote in Green Bay",WI,""
25-02-2022,"Data Analytics Consultant","Associated Bank",associatedbank.com,"Financial Services",,,,"Green Bay",WI,""
24-02-2022,"Cash Forecaster / Analyst","Cash Depot",cdlatm.com,"Financial Services","$15 an hour",,,"Green Bay",WI,"54302"
23-02-2022,"SOA Developer","Cognizant Technology Solutions",cognizant.com,"Information Technology & Services",,,,"Green Bay",WI,""
24-02-2022,"Alert Monitor","Cash Depot",cdlatm.com,"Financial Services","$17 an hour",,,"Green Bay",WI,"54302"
23-02-2022,"Cash Forecaster / Analyst","Cash Depot",cdlatm.com,"Financial Services","$15 an hour",,,"Green Bay",WI,"54302"
24-02-2022,Dispatcher,"Cash Depot",cdlatm.com,"Financial Services","$17 an hour",,,"Green Bay",WI,"54302"
24-02-2022,"HR Coordinator","Cash Depot",cdlatm.com,"Financial Services","$18 - $20 an hour",,,"Green Bay",WI,"54302"
24-02-2022,"Administrative Assistant","Cash Depot",cdlatm.com,"Financial Services","$18 - $20 an hour",,,"Green Bay",WI,"54302"
23-02-2022,"Project & Service Coordinator","Krueger International Incorporated",ki.com,Furniture,"$22 an hour",,,"Green Bay",WI,"54302"
24-02-2022,"Payroll Clerk","Cash Depot",cdlatm.com,"Financial Services","$18 - $20 an hour",,,"Green Bay",WI,"54302"
24-02-2022,"Store Manager","Spencer's Gifts",spencersonline.com,Retail,,,,"Green Bay",WI,"54304"
25-02-2022,"Engagement Coordinator","Value Added Distributors, LLC",vadtek.com,"Industrial Automation","$32K ? $40.6K a year",,,"Green Bay",WI,"54301"
23-02-2022,Dispatcher,"Cash Depot",cdlatm.com,"Financial Services","$17 an hour",,,"Green Bay",WI,"54302"
24-02-2022,"Food & Beverage Director - Lodge Kohler",Kohler,aalportandsonsouthfallsburg.com,,"$90,000 - $105,000 a year",,,"Green Bay",WI,"54304"
23-02-2022,"HR Coordinator","Cash Depot",cdlatm.com,"Financial Services","$18 - $20 an hour",,,"Green Bay",WI,"54302"
25-02-2022,"HUMAN RESOURCES ASSISTANT","Nicolet National Bank",nicoletbank.com,Banking,,,"Downtown area","Green Bay",WI,"54301"
23-02-2022,"Payroll Clerk","Cash Depot",cdlatm.com,"Financial Services","$18 - $20 an hour",,,"Green Bay",WI,"54302"
23-02-2022,"Administrative Assistant","Cash Depot",cdlatm.com,"Financial Services","$18 - $20 an hour",,,"Green Bay",WI,"54302"
25-02-2022,"Purchasing Agent",EuroPharma,europharmausa.com,"Health, Wellness & Fitness","$50.7K ? $64.1K a year",,,"Green Bay",WI,"54311"
24-02-2022,"Facilities Manager","Newcap, Inc.",newcap.org,"Nonprofit Organization Management","From $60,000 a year",,"Downtown area","Green Bay",WI,"54301"
22-02-2022,"Sailing School Operations Manager","Green Bay Sail and Paddle",,,"$3,300 - $4,300 a month",,,"Green Bay",WI,"54302"
23-02-2022,"Project Technician","Cash Depot",cdlatm.com,"Financial Services","$20 an hour",,,"Green Bay",WI,"54302"
23-02-2022,"Front Office / Financial Dental Coordinator","Dr. Nick AbuJamra DDS. MS",,,"$34K ? $43K a year",,,"Green Bay",WI,"54311"
25-02-2022,"PRODUCTION LINE LEAD-3RD SHIFT","Eillien's Candies",,,"From $16 an hour",,,"Green Bay",WI,"54304"
24-02-2022,"Reconditioning and Setup Technician","Cash Depot",cdlatm.com,"Financial Services","$17 an hour",,,"Green Bay",WI,"54302"
25-02-2022,"ORDER PULLER-2ND SHIFT","Eillien's Candies",,,"From $14 an hour",,,"Green Bay",WI,"54304"
24-02-2022,Controller,"Cash Depot",cdlatm.com,"Financial Services","$81K ? $103K a year",,,"Green Bay",WI,"54302"
23-02-2022,"Set-Up Technician","Cash Depot",cdlatm.com,"Financial Services","$17 an hour",,,"Green Bay",WI,"54302"
24-02-2022,"Assistant Controller","Cash Depot",cdlatm.com,"Financial Services","$58.7K ? $74.3K a year",,,"Green Bay",WI,"54302"
24-02-2022,"Financial Analyst","RGL Logistics Inc.",rgllogistics.com,"Logistics & Supply Chain",,,,"Green Bay",WI,""
23-02-2022,"Director of Medical Operations - Eagle Medical Solutions","Aegis Group, Inc.",,,"$74.4K ? $94.2K a year",,,"Green Bay",WI,""
22-02-2022,"Case Manager (PIYD)","Rawhide Youth Services",rawhide.org,"Mental Health Care",,,,"Green Bay",WI,"54302"
25-02-2022,"Corporate Recruiter-REMOTE","CCI Systems, Inc.",ccisystems.com,"Information Technology & Services","$42K ? $53.2K a year",Remote,,"Remote in Green Bay",WI,""
25-02-2022,"Product Specialist","United Training Commercial LLC",unitedtraining.com,"Information Technology & Services","$41.2K ? $52.2K a year",Remote,,"Remote in Green Bay",WI,""
22-02-2022,"Golf Apparel Independent Sales Representative","Monterey Club",montereyclub.com,Wholesale,,,,"Green Bay",WI,""
24-02-2022,"Payroll Specialist","ServiceMaster Recovery by Restoration Holdings",,,"$20 - $22 an hour",,,"Green Bay",WI,"54304"
25-02-2022,"Digital Copywriter","Insight Creative, Inc.",,,"$35,227 - $45,762 a year",,,"Green Bay",WI,"54302"
25-02-2022,"Technical Director/ Studio Coordinator","The Wellness Way",thewellnessway.com,"Health, Wellness & Fitness",,,,"Green Bay",WI,"54303"
22-02-2022,"ORDER PULLER 1ST SHIFT","Eilliens Candies Inc",eilliens.com,"Consumer Goods","$29.2K ? $37K a year",,,"Green Bay",WI,"54304"
24-02-2022,"Database Administrator","Cash Depot",cdlatm.com,"Financial Services","$40 - $60 an hour",,,"Green Bay",WI,"54302"
24-02-2022,"Safety Supervisor","RGL Logistics Inc.",rgllogistics.com,"Logistics & Supply Chain","$53.3K ? $67.5K a year",,,"Green Bay",WI,""
22-02-2022,"FORKLIFT OPERATOR 1ST SHIFT","Eilliens Candies Inc",eilliens.com,"Consumer Goods","$30.3K ? $38.3K a year",,,"Green Bay",WI,"54304"
24-02-2022,"Database Administrator-REMOTE","CCI Systems, Inc.",ccisystems.com,"Information Technology & Services","$76.3K ? $96.7K a year",Remote,,"Remote in Green Bay",WI,""
23-02-2022,"GIS Technician - Remote & Travel","CCI Systems, Inc.",ccisystems.com,"Information Technology & Services","$45.3K ? $57.3K a year",Remote,,"Hybrid remote in Green Bay",WI,""
25-02-2022,"Medical Billing Specialist","Hemophilia Outreach Center",hemophiliaoutreach.org,"Hospital & Health Care",,,,"Green Bay",WI,"54311"
22-02-2022,"Email Marketing Specialist","Shoptikal, LLC",,,,,,"Green Bay",WI,"54307"
23-02-2022,"Database Administrator","Cash Depot",cdlatm.com,"Financial Services","$40 - $60 an hour",,,"Green Bay",WI,"54302"
24-02-2022,"Systems Analyst","Cash Depot",cdlatm.com,"Financial Services","$35 - $45 an hour",,,"Green Bay",WI,"54302"
25-02-2022,"Digital/Media Advertising Specialist","The Wellness Way",thewellnessway.com,"Health, Wellness & Fitness","$43.3K ? $54.9K a year",,,"Green Bay",WI,"54303"
25-02-2022,"Distribution Sales Manager, Remote (Milwaukee, Green Bay, or...","Jason Industrial",,,,Remote,,"Remote in Green Bay",WI,""
23-02-2022,"Systems Analyst","Cash Depot",cdlatm.com,"Financial Services","$35 - $45 an hour",,,"Green Bay",WI,"54302"
22-02-2022,"Experienced CNC Operator","ACE Manufacturing Industries, Inc.",,,"$36.9K ? $46.7K a year",,,"Green Bay",WI,"54313"
25-02-2022,"ORDER PULLER-1ST SHIFT","Eillien's Candies",,,"From $14 an hour",,,"Green Bay",WI,"54304"
24-02-2022,"Parts Repair Technician","Cash Depot",cdlatm.com,"Financial Services","$18 an hour",,,"Green Bay",WI,"54302"
23-02-2022,"Parts Repair Technician","Cash Depot",cdlatm.com,"Financial Services","$18 an hour",,,"Green Bay",WI,"54302"
25-02-2022,"Quality Assurance Supervisor Specialist","Kitchen Fresh Foods",kffoods.com,"Food Production","$18.75 - $20.25 an hour",,,"Green Bay",WI,""
25-02-2022,"Equipment Technician","Brabazon Pump Compressor and Vacuum",,,"$45.2K ? $57.2K a year",,,"Green Bay",WI,"54303"
24-02-2022,"Sales Account Executive","IMAGINiT Technologies",imaginit.com,"Computer Software",,,,"Green Bay",WI,""
24-02-2022,"Reporting Analyst (Customer Facing) - Virtual/Remote","Arch Advisory Group",archadvisorygroup.com,,"$50K ? $63.4K a year",Remote,,"Remote in Green Bay",WI,""
24-02-2022,"RN Supervisor","Willow Creek Behavioral Health",willowcreekbh.com,"Mental Health Care",,,,"Green Bay",WI,"54311"
23-02-2022,"NOC Technician-REMOTE","CCI Systems, Inc.",ccisystems.com,"Information Technology & Services","$39.1K ? $49.5K a year",Remote,,"Remote in Green Bay",WI,""
22-02-2022,"ORDER PULLER 2ND SHIFT","Eilliens Candies Inc",eilliens.com,"Consumer Goods","$29.4K ? $37.2K a year",,,"Green Bay",WI,"54304"
22-02-2022,"FORKLIFT OPERATOR 2ND SHIFT","Eilliens Candies Inc",eilliens.com,"Consumer Goods","$31.8K ? $40.2K a year",,,"Green Bay",WI,"54304"
24-02-2022,"Diesel Technician II",FleetPride,fleetpride.com,Transportation/Trucking/Railroad,,,,"Green Bay",WI,"54303"
25-02-2022,"Customer Service Lead/Keyholder - Bay Park Square - Carter's","Carter's | OshKosh B'gosh Retail",oshkosh.com,,,,,"Green Bay",WI,"54304"
24-02-2022,"Gymnastics Instructor","The Salvation Army",salvationarmyfortwalton.org,Retail,,,"Imperial Pride area","Green Bay",WI,"54302"
22-02-2022,"Sailing School Operations Manager","Green Bay Sail and Paddle",,,"$3,300 - $4,300 a month",,,"Green Bay",WI,"54302"
25-02-2022,"Digital Copywriter","Insight Creative, Inc.",,,"$35,227 - $45,762 a year",,,"Green Bay",WI,"54302"
24-02-2022,"Store Manager","Spencer's Gifts",spencersonline.com,Retail,,,,"Green Bay",WI,"54304"
25-02-2022,"Onsite Nurse Assessor- 1099 (RN) Contract","The Helper Bees",thehelperbees.com,Insurance,,,,"Green Bay",WI,""
25-02-2022,"Talent Advisor",Ascension,ascension.org,"Hospital & Health Care",,Remote,,"Remote in Appleton",WI,""
25-02-2022,"GENERAL MANAGER, HIGHER EDUCATION ACCOUNT","Compass Group Careers",,,,,,Appleton,WI,"54911"
25-02-2022,"FACILITIES MANAGEMENT DIRECTOR","Compass Group Careers",,,,,,Appleton,WI,"54911"
22-02-2022,"Merchandise Manager","Five Below",fivebelow.com,Retail,,,,Appleton,WI,"54913"
25-02-2022,"DIRECTOR, DINING SERVICES - K12 - Bench position - Appleton,...","Compass Group Careers",,,,,,Appleton,WI,"54914"
23-02-2022,"Supervisor, Patient Access Pre-Services",ThedaCare,thedacare.org,"Hospital & Health Care",,,,Appleton,WI,"54911"
23-02-2022,"Talent Acquisition Specialist","Suburban Enterprises, Inc.",,,"$50.5K ? $63.9K a year",,,Appleton,WI,"54914"
25-02-2022,"Community Health Educator","Outagamie County",outagamie.org,"Government Administration","$61,672 - $64,792 a year",,,Appleton,WI,""
25-02-2022,"Pre-Construction Coordinator","Burns & McDonnell",burnsmcd.com,Construction,,,,Appleton,WI,""
23-02-2022,"Account Manager-Appleton",UNFI,unfi.com,"Food & Beverages",,,,Appleton,WI,""
23-02-2022,"Aircraft Painter II","Gulfstream Aerospace Corporation",gdaviationservices.com,,,,"Appleton International Airport area",Appleton,WI,"54914"
22-02-2022,"RS Upholstery Lead","Gulfstream Aerospace Corporation",gdaviationservices.com,,,,"Appleton International Airport area",Appleton,WI,"54914"
25-02-2022,"Deputy Director Finance","City of Appleton, WI",appleton.org,"Government Administration","$36.76 - $55.14 an hour",,,Appleton,WI,""
24-02-2022,"Corporate Quality Manager - Electrical (Multiple Locations)","Burns & McDonnell",burnsmcd.com,Construction,,,,Appleton,WI,""
25-02-2022,"Business Analyst - Sales",Miller,,,,,,Appleton,WI,"54914"
24-02-2022,"Recruiting Manager","Robert Half",roberthalf.com,"Staffing & Recruiting",,,,Appleton,WI,""
25-02-2022,"Data Lead",Miller,,,"$84.8K ? $107K a year",,,Appleton,WI,"54914"
24-02-2022,"Corporate SMS Safety Risk Manager","Air Wisconsin Airlines",airwis.com,Airlines/Aviation,"$37.3K ? $47.3K a year",,"Appleton International Airport area",Appleton,WI,"54914"
24-02-2022,"Corporate SMS Safety Risk Manager","Air Wisconsin Airlines",airwis.com,Airlines/Aviation,"$37.3K ? $47.3K a year",,"Appleton International Airport area",Appleton,WI,"54914"
25-02-2022,"IT Manufacturing Lead, Appleton","McCain Foods USA, Inc.",mccain.co.za,"Food Production","$54.6K ? $69.2K a year",,,Appleton,WI,""
24-02-2022,"IT Site Support Technician II (Temporary Role)","Reynolds Consumer Products",reynoldskitchens.com,,"$55.5K ? $70.3K a year",,,Appleton,WI,"54914"
25-02-2022,"Market Segment Manager - Process Piping",Miller,,,"$105K ? $133K a year",,,Appleton,WI,"54914"
24-02-2022,"Project Technician - Power Systems Division",Miller,,,"$34K ? $43K a year",,,Appleton,WI,"54914"
24-02-2022,"IT Analyst",Miller,,,"$48.8K ? $61.8K a year",,,Appleton,WI,"54914"
23-02-2022,"Low Voltage Systems Technician","Suburban Enterprises, Inc.",,,"$45.2K ? $57.2K a year",,,Appleton,WI,"54914"
23-02-2022,"Project Manager (Contractor)","Millennium Construction, Inc.",,,"$60,000 - $100,000 a year",,,Appleton,WI,""
25-02-2022,"Legislative Researcher","John Birch Society",,,"$38,000 - $50,000 a year",,,Appleton,WI,"54914"
25-02-2022,"General Manager","Pizza Ranch",pizzaranch.com,Restaurants,"From $50,000 a year",,,Appleton,WI,""
24-02-2022,"General Dentist (DDS)","DocStar Medical Partners",docstarmedical.com,"Staffing & Recruiting","$95 - $110 an hour",,,Appleton,WI,""
25-02-2022,"Director of Operations","Mosaic Family Health",mosaicfamilyhealth.org,,"$60,000 - $70,000 a year",,,Appleton,WI,""
25-02-2022,"Engagement Coordinator","Value Added Distributors, LLC",vadtek.com,"Industrial Automation","$32K ? $40.6K a year",,,Appleton,WI,""
23-02-2022,"Program / Office Manager","Life Tools Foundation",lifetoolsfoundation.org,Philanthropy,"$41.7K ? $52.7K a year",,"Lawrence-City Park area",Appleton,WI,"54911"
24-02-2022,"Operations Manager","Avis Budget Car Rental",avis.com.br,"Consumer Services","$55,000 - $70,000 a year",,,Appleton,WI,"54915"
25-02-2022,"Care Manager","Community Care, Inc.",communitycareinc.net,"Hospital & Health Care",,,,Appleton,WI,"54913"
24-02-2022,"Employment Specialist","Down Syndrome Association of Wisconsin",dsaw.org,"Individual & Family Services","$18 - $20 an hour",,,Appleton,WI,"54911"
25-02-2022,"Store Manager in Training","Truenorth Stores",,,"$40,000 - $45,000 a year",,,Appleton,WI,""
24-02-2022,"Jr. Project Manager - Meetings and Events - Remote","Creative Group",,,,Remote,,"Remote in Appleton",WI,""
25-02-2022,"Human Resources Generalist","TOWN OF GRAND CHUTE",grandchute.net,"Executive Office","$58,115 - $66,414 a year",,,Appleton,WI,"54913"
23-02-2022,"Unit Director - Kaleidoscope Academy","The Boys and Girls Clubs of the Fox Valley",bgclubfoxvalley.org,"Nonprofit Organization Management","$47.2K ? $59.8K a year",,,Appleton,WI,"54914"
25-02-2022,"Corporate Recruiter-REMOTE","CCI Systems, Inc.",ccisystems.com,"Information Technology & Services","$42K ? $53.2K a year",Remote,,"Remote in Appleton",WI,""
25-02-2022,"Field Service Manager-Water Treatment","Total Water Treatment Systems Inc.",total-water.com,"Consumer Services","$60,000 - $95,000 a year",,,Appleton,WI,"54914"
25-02-2022,"Finance Director / Bookkeeper","BAKA Enterprises, Inc.",,,"$65,000 - $75,000 a year",,,Appleton,WI,"54913"
23-02-2022,"Full Time Assistant Store Manager (CATW)",SAM,,,"$15 - $16 an hour",,,Appleton,WI,""
25-02-2022,"Owner Success Manager","AIA Corporation",aiacommunity.com,"Marketing & Advertising","$51.3K ? $64.9K a year",,"Downtown area",Appleton,WI,"54911"
24-02-2022,"Center Director I - Appleton","Nova Medical Centers",n-o-v-a.com,"Medical Practice","$70.8K ? $89.6K a year",,,Appleton,WI,""
22-02-2022,"Golf Apparel Independent Sales Representative","Monterey Club",montereyclub.com,Wholesale,,,,Appleton,WI,""
25-02-2022,"Sales Development Representative","Standard Electric Supply Co",standardelectricsupply.com,Wholesale,,,,Appleton,WI,"54911"
25-02-2022,"IT Support Tech","August Winter & Sons, Inc.",watlingdesign.com,"Industry: Multimedia & Graphic Design, Business Services","From $4,000 a month",,,Appleton,WI,"54911"
25-02-2022,"Accounting - Payroll/Accounting Specialist","Great Northern Corporation",greatnortherncorp.com,"Packaging & Containers","$23.50 - $25.00 an hour",,,Appleton,WI,"54911"
25-02-2022,"Field Service Manager- Water Treatment","Total Water Treatment Systems Inc.",total-water.com,"Consumer Services","$52.3K ? $66.3K a year",,,Appleton,WI,"54914"
25-02-2022,"Survey Project Manager","Westwood Professional Services",westwoodps.com,"Civil Engineering",,,,Appleton,WI,""
24-02-2022,"Marketing Coordinator","Ledgeview Partners",ledgeviewpartners.com,"Information Technology & Services","$45.9K ? $58.1K a year",Remote,,"Remote in Appleton",WI,""
24-02-2022,"Store Manager - Cricket Wireless",Mobilelink,mobilelinkusa.com,Telecommunications,,,,Appleton,WI,""
24-02-2022,"Financial Controller","Technical Prospects LLC",technicalprospects.com,"Medical Devices","$87.5K ? $111K a year",,,Appleton,WI,"54914"
22-02-2022,"Field Service Technician","eSolutions, Inc.",ecorpnet.com,"Management Consulting, Business Services","$16 - $18 an hour",,,Appleton,WI,"54911"
24-02-2022,"Experienced Remodeler","Accessible Bath Solutions, LLC",,,"$19 - $21 an hour",,,Appleton,WI,""
24-02-2022,"Database Administrator-REMOTE","CCI Systems, Inc.",ccisystems.com,"Information Technology & Services","$76.3K ? $96.7K a year",Remote,,"Remote in Appleton",WI,""
23-02-2022,"GIS Technician - Remote & Travel","CCI Systems, Inc.",ccisystems.com,"Information Technology & Services","$45.3K ? $57.3K a year",Remote,,"Hybrid remote in Appleton",WI,""
25-02-2022,"Electronic Repair Technician","Technical Prospects LLC",technicalprospects.com,"Medical Devices","$44.4K ? $56.2K a year",,,Appleton,WI,"54914"
23-02-2022,"Construction Crew Foreman","Wick Buildings",wickbuildings.com,Construction,"$43.2K ? $54.8K a year",,,Appleton,WI,"54915"
25-02-2022,"IT Analyst",Miller,,,"$48.8K ? $61.8K a year",,,Appleton,WI,"54914"
24-02-2022,"Desktop Support","Iron Service Global Inc",ironserviceglobal.com,"Information Technology & Services","$21 - $23 an hour",,,Appleton,WI,"54915"
25-02-2022,"Sales Representative","Standard Electric Supply Co",standardelectricsupply.com,Wholesale,,,,Appleton,WI,"54911"
24-02-2022,"Construction Manager","Tilson Technology Management",tilsontech.com,Telecommunications,"$64.4K ? $81.6K a year",,,Appleton,WI,""
25-02-2022,"Project Technician - Power Systems Division",Miller,,,"$34K ? $43K a year",,,Appleton,WI,"54914"
23-02-2022,"NOC Technician-REMOTE","CCI Systems, Inc.",ccisystems.com,"Information Technology & Services","$39.1K ? $49.5K a year",Remote,,"Remote in Appleton",WI,""
24-02-2022,"Service Manager",Perkins,perkinsrestaurants.com,"Mechanical Or Industrial Engineering","$39.4K ? $50K a year",,,Appleton,WI,"54915"
23-02-2022,"MILWAUKEE RESPIRATORY CARE DEPARTMENT MANAGER","Advanced Lifeline Respiratory Services",alsvents.com,"Hospital & Health Care",,,,Appleton,WI,"54913"
23-02-2022,"IT Manufacturing Systems Specialist","Connection, Inc.",connection.com,"Information Technology & Services","$55.7K ? $70.5K a year",,,Appleton,WI,""
23-02-2022,"Low Voltage Systems Technician","Suburban Enterprises",suburbantile.net,Construction,"$46.5K ? $58.9K a year",,,Appleton,WI,""
24-02-2022,"General Dentist (DDS)","DocStar Medical Partners",docstarmedical.com,"Staffing & Recruiting","$95 - $110 an hour",,,Appleton,WI,""
25-02-2022,"Director of Operations","Mosaic Family Health",mosaicfamilyhealth.org,,"$60,000 - $70,000 a year",,,Appleton,WI,""
24-02-2022,"General Dentist (DDS)","DocStar Medical Partners",docstarmedical.com,"Staffing & Recruiting","$95 - $110 an hour",,,Appleton,WI,""
24-02-2022,"Desktop Support","Iron Service Global Inc",ironserviceglobal.com,"Information Technology & Services","$21 - $23 an hour",,,Appleton,WI,"54915"
22-02-2022,"Field Service Technician","eSolutions, Inc.",ecorpnet.com,"Management Consulting, Business Services","$16 - $18 an hour",,,Appleton,WI,"54911"
